medicao_id,ativo_id,medicao_ts,geracao_mwh,carga_mw,disponibilidade_pct,temperatura_c,qualidade_dado
MED-0001,ATV-001,2026-08-01T00:00:00,3.6,63.08,97.6,14.0,Medido
MED-0002,ATV-002,2026-08-01T00:00:00,209.89,87.1,84.7,11.9,Medido
MED-0003,ATV-003,2026-08-01T00:00:00,241.92,117.63,98.16,13.3,Medido
MED-0004,ATV-004,2026-08-01T00:00:00,197.83,86.34,81.74,15.3,Medido
MED-0005,ATV-005,2026-08-01T00:00:00,264.6,136.4,96.44,14.4,Medido
MED-0006,ATV-006,2026-08-01T00:00:00,3.2,79.07,96.89,12.7,Medido
MED-0007,ATV-007,2026-08-01T00:00:00,302.4,161.67,99.7,9.6,Medido
MED-0008,ATV-008,2026-08-01T00:00:00,132.14,110.85,86.98,10.1,Medido
MED-0009,ATV-001,2026-08-01T01:00:00,3.6,63.08,97.6,13.1,Medido
MED-0010,ATV-002,2026-08-01T01:00:00,215.81,87.1,84.7,10.9,Medido
MED-0011,ATV-003,2026-08-01T01:00:00,243.04,117.63,98.16,12.3,Medido
MED-0012,ATV-004,2026-08-01T01:00:00,195.98,86.34,81.74,14.3,Medido
MED-0013,ATV-005,2026-08-01T01:00:00,265.82,136.4,96.44,13.4,Medido
MED-0014,ATV-006,2026-08-01T01:00:00,3.2,79.07,96.89,11.7,Medido
MED-0015,ATV-007,2026-08-01T01:00:00,303.8,161.67,99.7,8.6,Medido
MED-0016,ATV-008,2026-08-01T01:00:00,123.26,110.85,86.98,9.1,Medido
MED-0017,ATV-001,2026-08-01T02:00:00,3.6,63.08,97.6,12.7,Medido
MED-0018,ATV-002,2026-08-01T02:00:00,220.55,87.1,84.7,10.6,Medido
MED-0019,ATV-003,2026-08-01T02:00:00,244.15,117.63,98.16,12.0,Medido
MED-0020,ATV-004,2026-08-01T02:00:00,192.95,86.34,81.74,14.0,Medido
MED-0021,ATV-005,2026-08-01T02:00:00,267.04,136.4,96.44,13.1,Medido
MED-0022,ATV-006,2026-08-01T02:00:00,3.2,79.07,96.89,11.3,Medido
MED-0023,ATV-007,2026-08-01T02:00:00,305.19,161.67,99.7,8.3,Medido
MED-0024,ATV-008,2026-08-01T02:00:00,114.95,110.85,86.98,8.7,Medido
MED-0025,ATV-001,2026-08-01T03:00:00,3.6,63.08,97.6,13.1,Medido
MED-0026,ATV-002,2026-08-01T03:00:00,224.0,87.1,84.7,10.9,Medido
MED-0027,ATV-003,2026-08-01T03:00:00,245.25,117.63,98.16,12.3,Medido
MED-0028,ATV-004,2026-08-01T03:00:00,188.8,86.34,81.74,14.3,Medido
MED-0029,ATV-005,2026-08-01T03:00:00,268.24,136.4,96.44,13.4,Medido
MED-0030,ATV-006,2026-08-01T03:00:00,3.2,79.07,96.89,11.7,Medido
MED-0031,ATV-007,2026-08-01T03:00:00,306.56,161.67,99.7,8.6,Medido
MED-0032,ATV-008,2026-08-01T03:00:00,107.37,110.85,86.98,9.1,Medido
MED-0033,ATV-001,2026-08-01T04:00:00,3.6,63.08,97.6,14.0,Medido
MED-0034,ATV-002,2026-08-01T04:00:00,226.1,87.1,84.7,11.9,Medido
MED-0035,ATV-003,2026-08-01T04:00:00,246.32,117.63,98.16,13.3,Medido
MED-0036,ATV-004,2026-08-01T04:00:00,183.6,86.34,81.74,15.3,Medido
MED-0037,ATV-005,2026-08-01T04:00:00,269.41,136.4,96.44,14.4,Medido
MED-0038,ATV-006,2026-08-01T04:00:00,3.2,79.07,96.89,12.7,Medido
MED-0039,ATV-007,2026-08-01T04:00:00,307.9,161.67,99.7,9.6,Medido
MED-0040,ATV-008,2026-08-01T04:00:00,100.68,110.85,86.98,10.1,Medido
MED-0041,ATV-001,2026-08-01T05:00:00,3.6,63.08,97.6,15.6,Medido
MED-0042,ATV-002,2026-08-01T05:00:00,226.8,87.1,84.7,13.5,Medido
MED-0043,ATV-003,2026-08-01T05:00:00,247.36,117.63,98.16,14.9,Medido
MED-0044,ATV-004,2026-08-01T05:00:00,177.48,86.34,81.74,16.9,Medido
MED-0045,ATV-005,2026-08-01T05:00:00,270.55,136.4,96.44,16.0,Medido
MED-0046,ATV-006,2026-08-01T05:00:00,3.2,79.07,96.89,14.3,Medido
MED-0047,ATV-007,2026-08-01T05:00:00,309.2,161.67,99.7,11.2,Medido
MED-0048,ATV-008,2026-08-01T05:00:00,95.01,110.85,86.98,11.7,Medido
MED-0049,ATV-001,2026-08-01T06:00:00,3.6,63.08,97.6,17.7,Medido
MED-0050,ATV-002,2026-08-01T06:00:00,226.09,87.1,84.7,15.6,Medido
MED-0051,ATV-003,2026-08-01T06:00:00,248.36,117.63,98.16,17.0,Medido
MED-0052,ATV-004,2026-08-01T06:00:00,170.54,86.34,81.74,19.0,Medido
MED-0053,ATV-005,2026-08-01T06:00:00,271.65,136.4,96.44,18.1,Medido
MED-0054,ATV-006,2026-08-01T06:00:00,3.2,79.07,96.89,16.3,Medido
MED-0055,ATV-007,2026-08-01T06:00:00,310.45,161.67,99.7,13.3,Medido
MED-0056,ATV-008,2026-08-01T06:00:00,90.48,110.85,86.98,13.7,Medido
MED-0057,ATV-001,2026-08-01T07:00:00,46.47,63.08,97.6,20.1,Medido
MED-0058,ATV-002,2026-08-01T07:00:00,223.98,87.1,84.7,18.0,Medido
MED-0059,ATV-003,2026-08-01T07:00:00,249.32,117.63,98.16,19.4,Medido
MED-0060,ATV-004,2026-08-01T07:00:00,162.94,86.34,81.74,21.4,Medido
MED-0061,ATV-005,2026-08-01T07:00:00,272.7,136.4,96.44,20.5,Medido
MED-0062,ATV-006,2026-08-01T07:00:00,41.31,79.07,96.89,18.7,Medido
MED-0063,ATV-007,2026-08-01T07:00:00,311.65,161.67,99.7,15.7,Medido
MED-0064,ATV-008,2026-08-01T07:00:00,87.18,110.85,86.98,16.2,Medido
MED-0065,ATV-001,2026-08-01T08:00:00,89.77,76.23,97.6,22.7,Medido
MED-0066,ATV-002,2026-08-01T08:00:00,220.51,104.63,84.7,20.6,Medido
MED-0067,ATV-003,2026-08-01T08:00:00,250.23,141.01,98.16,22.0,Medido
MED-0068,ATV-004,2026-08-01T08:00:00,154.83,101.68,81.74,24.0,Medido
MED-0069,ATV-005,2026-08-01T08:00:00,273.69,161.97,96.44,23.1,Medido
MED-0070,ATV-006,2026-08-01T08:00:00,79.8,90.76,96.89,21.3,Medido
MED-0071,ATV-007,2026-08-01T08:00:00,312.79,190.89,99.7,18.3,Medido
MED-0072,ATV-008,2026-08-01T08:00:00,85.18,127.65,86.98,18.7,Medido
MED-0073,ATV-001,2026-08-01T09:00:00,126.96,76.23,97.6,25.3,Medido
MED-0074,ATV-002,2026-08-01T09:00:00,215.77,104.63,84.7,23.2,Medido
MED-0075,ATV-003,2026-08-01T09:00:00,251.08,141.01,98.16,24.6,Medido
MED-0076,ATV-004,2026-08-01T09:00:00,146.37,101.68,81.74,26.6,Medido
MED-0077,ATV-005,2026-08-01T09:00:00,274.62,161.97,96.44,25.7,Medido
MED-0078,ATV-006,2026-08-01T09:00:00,112.85,90.76,96.89,23.9,Medido
MED-0079,ATV-007,2026-08-01T09:00:00,313.85,190.89,99.7,20.9,Medido
MED-0080,ATV-008,2026-08-01T09:00:00,84.53,127.65,86.98,21.3,Medido
MED-0081,ATV-001,2026-08-01T10:00:00,155.49,76.23,97.6,27.7,Medido
MED-0082,ATV-002,2026-08-01T10:00:00,209.83,104.63,84.7,25.6,Medido
MED-0083,ATV-003,2026-08-01T10:00:00,251.87,141.01,98.16,27.0,Medido
MED-0084,ATV-004,2026-08-01T10:00:00,137.74,101.68,81.74,29.0,Medido
MED-0085,ATV-005,2026-08-01T10:00:00,275.48,161.97,96.44,28.1,Medido
MED-0086,ATV-006,2026-08-01T10:00:00,138.22,90.76,96.89,26.3,Medido
MED-0087,ATV-007,2026-08-01T10:00:00,314.83,190.89,99.7,23.3,Medido
MED-0088,ATV-008,2026-08-01T10:00:00,85.22,127.65,86.98,23.7,Medido
MED-0089,ATV-001,2026-08-01T11:00:00,173.43,76.23,97.6,29.8,Medido
MED-0090,ATV-002,2026-08-01T11:00:00,202.83,104.63,84.7,27.7,Medido
MED-0091,ATV-003,2026-08-01T11:00:00,252.59,141.01,98.16,29.1,Medido
MED-0092,ATV-004,2026-08-01T11:00:00,129.1,101.68,81.74,31.1,Medido
MED-0093,ATV-005,2026-08-01T11:00:00,276.27,161.97,96.44,30.2,Medido
MED-0094,ATV-006,2026-08-01T11:00:00,154.16,90.76,96.89,28.4,Medido
MED-0095,ATV-007,2026-08-01T11:00:00,315.73,190.89,99.7,25.4,Medido
MED-0096,ATV-008,2026-08-01T11:00:00,87.25,127.65,86.98,25.8,Estimado
MED-0097,ATV-001,2026-08-01T12:00:00,176.4,76.23,97.6,31.4,Medido
MED-0098,ATV-002,2026-08-01T12:00:00,194.91,104.63,84.7,29.3,Medido
MED-0099,ATV-003,2026-08-01T12:00:00,253.23,141.01,98.16,30.6,Medido
MED-0100,ATV-004,2026-08-01T12:00:00,120.65,101.68,81.74,32.7,Medido
MED-0101,ATV-005,2026-08-01T12:00:00,276.97,161.97,96.44,31.7,Medido
MED-0102,ATV-006,2026-08-01T12:00:00,156.8,90.76,96.89,30.0,Medido
MED-0103,ATV-007,2026-08-01T12:00:00,316.54,190.89,99.7,27.0,Estimado
MED-0104,ATV-008,2026-08-01T12:00:00,90.58,127.65,86.98,27.4,Medido
MED-0105,ATV-001,2026-08-01T13:00:00,173.43,76.23,97.6,32.4,Medido
MED-0106,ATV-002,2026-08-01T13:00:00,186.22,104.63,84.7,30.3,Medido
MED-0107,ATV-003,2026-08-01T13:00:00,253.79,141.01,98.16,31.6,Medido
MED-0108,ATV-004,2026-08-01T13:00:00,112.54,101.68,81.74,33.7,Medido
MED-0109,ATV-005,2026-08-01T13:00:00,277.59,161.97,96.44,32.7,Medido
MED-0110,ATV-006,2026-08-01T13:00:00,154.16,90.76,96.89,31.0,Estimado
MED-0111,ATV-007,2026-08-01T13:00:00,317.24,190.89,99.7,28.0,Medido
MED-0112,ATV-008,2026-08-01T13:00:00,95.14,127.65,86.98,28.4,Medido
MED-0113,ATV-001,2026-08-01T14:00:00,155.49,76.23,97.6,32.7,Medido
MED-0114,ATV-002,2026-08-01T14:00:00,176.95,104.63,84.7,30.6,Medido
MED-0115,ATV-003,2026-08-01T14:00:00,254.28,141.01,98.16,32.0,Medido
MED-0116,ATV-004,2026-08-01T14:00:00,104.95,101.68,81.74,34.0,Medido
MED-0117,ATV-005,2026-08-01T14:00:00,278.12,161.97,96.44,33.1,Estimado
MED-0118,ATV-006,2026-08-01T14:00:00,138.22,90.76,96.89,31.3,Medido
MED-0119,ATV-007,2026-08-01T14:00:00,317.85,190.89,99.7,28.3,Medido
MED-0120,ATV-008,2026-08-01T14:00:00,100.84,127.65,86.98,28.7,Medido
MED-0121,ATV-001,2026-08-01T15:00:00,126.96,76.23,97.6,32.4,Medido
MED-0122,ATV-002,2026-08-01T15:00:00,167.28,104.63,84.7,30.3,Medido
MED-0123,ATV-003,2026-08-01T15:00:00,254.67,141.01,98.16,31.6,Medido
MED-0124,ATV-004,2026-08-01T15:00:00,98.03,101.68,81.74,33.7,Estimado
MED-0125,ATV-005,2026-08-01T15:00:00,278.55,161.97,96.44,32.7,Medido
MED-0126,ATV-006,2026-08-01T15:00:00,112.85,90.76,96.89,31.0,Medido
MED-0127,ATV-007,2026-08-01T15:00:00,318.34,190.89,99.7,28.0,Medido
MED-0128,ATV-008,2026-08-01T15:00:00,107.56,127.65,86.98,28.4,Medido
MED-0129,ATV-001,2026-08-01T16:00:00,89.77,76.23,97.6,31.4,Medido
MED-0130,ATV-002,2026-08-01T16:00:00,157.41,104.63,84.7,29.3,Medido
MED-0131,ATV-003,2026-08-01T16:00:00,254.98,141.01,98.16,30.6,Estimado
MED-0132,ATV-004,2026-08-01T16:00:00,91.92,101.68,81.74,32.7,Medido
MED-0133,ATV-005,2026-08-01T16:00:00,278.89,161.97,96.44,31.7,Medido
MED-0134,ATV-006,2026-08-01T16:00:00,79.8,90.76,96.89,30.0,Medido
MED-0135,ATV-007,2026-08-01T16:00:00,318.73,190.89,99.7,27.0,Medido
MED-0136,ATV-008,2026-08-01T16:00:00,115.16,127.65,86.98,27.4,Medido
MED-0137,ATV-001,2026-08-01T17:00:00,46.47,76.23,97.6,29.8,Medido
MED-0138,ATV-002,2026-08-01T17:00:00,147.55,104.63,84.7,27.7,Estimado
MED-0139,ATV-003,2026-08-01T17:00:00,255.2,141.01,98.16,29.1,Medido
MED-0140,ATV-004,2026-08-01T17:00:00,86.75,101.68,81.74,31.1,Medido
MED-0141,ATV-005,2026-08-01T17:00:00,279.13,161.97,96.44,30.2,Medido
MED-0142,ATV-006,2026-08-01T17:00:00,41.31,90.76,96.89,28.4,Medido
MED-0143,ATV-007,2026-08-01T17:00:00,319.0,190.89,99.7,25.4,Medido
MED-0144,ATV-008,2026-08-01T17:00:00,123.49,127.65,86.98,25.8,Medido
MED-0145,ATV-001,2026-08-01T18:00:00,3.6,76.23,97.6,27.7,Estimado
MED-0146,ATV-002,2026-08-01T18:00:00,137.88,104.63,84.7,25.6,Medido
MED-0147,ATV-003,2026-08-01T18:00:00,255.33,141.01,98.16,27.0,Medido
MED-0148,ATV-004,2026-08-01T18:00:00,82.61,101.68,81.74,29.0,Medido
MED-0149,ATV-005,2026-08-01T18:00:00,279.26,161.97,96.44,28.1,Medido
MED-0150,ATV-006,2026-08-01T18:00:00,3.2,90.76,96.89,26.3,Medido
MED-0151,ATV-007,2026-08-01T18:00:00,319.16,190.89,99.7,23.3,Medido
MED-0152,ATV-008,2026-08-01T18:00:00,132.38,127.65,86.98,23.7,Medido
MED-0153,ATV-001,2026-08-01T19:00:00,3.6,76.23,97.6,25.3,Medido
MED-0154,ATV-002,2026-08-01T19:00:00,128.62,104.63,84.7,23.2,Medido
MED-0155,ATV-003,2026-08-01T19:00:00,255.36,141.01,98.16,24.6,Medido
MED-0156,ATV-004,2026-08-01T19:00:00,79.6,101.68,81.74,26.6,Medido
MED-0157,ATV-005,2026-08-01T19:00:00,279.3,161.97,96.44,25.7,Medido
MED-0158,ATV-006,2026-08-01T19:00:00,3.2,90.76,96.89,23.9,Medido
MED-0159,ATV-007,2026-08-01T19:00:00,319.2,190.89,99.7,20.9,Medido
MED-0160,ATV-008,2026-08-01T19:00:00,141.65,127.65,86.98,21.3,Medido
MED-0161,ATV-001,2026-08-01T20:00:00,3.6,76.23,97.6,22.7,Medido
MED-0162,ATV-002,2026-08-01T20:00:00,119.95,104.63,84.7,20.6,Medido
MED-0163,ATV-003,2026-08-01T20:00:00,255.3,141.01,98.16,22.0,Medido
MED-0164,ATV-004,2026-08-01T20:00:00,77.78,101.68,81.74,24.0,Medido
MED-0165,ATV-005,2026-08-01T20:00:00,279.23,161.97,96.44,23.1,Medido
MED-0166,ATV-006,2026-08-01T20:00:00,3.2,90.76,96.89,21.3,Medido
MED-0167,ATV-007,2026-08-01T20:00:00,319.12,190.89,99.7,18.3,Medido
MED-0168,ATV-008,2026-08-01T20:00:00,151.11,127.65,86.98,18.7,Medido
MED-0169,ATV-001,2026-08-01T21:00:00,3.6,76.23,97.6,20.1,Medido
MED-0170,ATV-002,2026-08-01T21:00:00,112.04,104.63,84.7,18.0,Medido
MED-0171,ATV-003,2026-08-01T21:00:00,255.14,141.01,98.16,19.4,Medido
MED-0172,ATV-004,2026-08-01T21:00:00,77.18,101.68,81.74,21.4,Medido
MED-0173,ATV-005,2026-08-01T21:00:00,279.06,161.97,96.44,20.5,Medido
MED-0174,ATV-006,2026-08-01T21:00:00,3.2,90.76,96.89,18.7,Medido
MED-0175,ATV-007,2026-08-01T21:00:00,318.93,190.89,99.7,15.7,Medido
MED-0176,ATV-008,2026-08-01T21:00:00,160.56,127.65,86.98,16.2,Medido
MED-0177,ATV-001,2026-08-01T22:00:00,3.6,63.08,97.6,17.7,Medido
MED-0178,ATV-002,2026-08-01T22:00:00,105.05,87.1,84.7,15.6,Medido
MED-0179,ATV-003,2026-08-01T22:00:00,254.9,117.63,98.16,17.0,Medido
MED-0180,ATV-004,2026-08-01T22:00:00,77.81,86.34,81.74,19.0,Medido
MED-0181,ATV-005,2026-08-01T22:00:00,278.8,136.4,96.44,18.1,Medido
MED-0182,ATV-006,2026-08-01T22:00:00,3.2,79.07,96.89,16.3,Medido
MED-0183,ATV-007,2026-08-01T22:00:00,318.62,161.67,99.7,13.3,Medido
MED-0184,ATV-008,2026-08-01T22:00:00,169.82,110.85,86.98,13.7,Medido
MED-0185,ATV-001,2026-08-01T23:00:00,3.6,63.08,97.6,15.6,Medido
MED-0186,ATV-002,2026-08-01T23:00:00,99.14,87.1,84.7,13.5,Medido
MED-0187,ATV-003,2026-08-01T23:00:00,254.56,117.63,98.16,14.9,Medido
MED-0188,ATV-004,2026-08-01T23:00:00,79.67,86.34,81.74,16.9,Medido
MED-0189,ATV-005,2026-08-01T23:00:00,278.43,136.4,96.44,16.0,Medido
MED-0190,ATV-006,2026-08-01T23:00:00,3.2,79.07,96.89,14.3,Medido
MED-0191,ATV-007,2026-08-01T23:00:00,318.21,161.67,99.7,11.2,Medido
MED-0192,ATV-008,2026-08-01T23:00:00,178.69,110.85,86.98,11.7,Medido
MED-0193,ATV-001,2026-08-02T00:00:00,3.6,66.9,97.94,14.0,Medido
MED-0194,ATV-002,2026-08-02T00:00:00,223.88,92.19,84.1,11.9,Medido
MED-0195,ATV-003,2026-08-02T00:00:00,270.17,124.43,97.17,13.3,Medido
MED-0196,ATV-004,2026-08-02T00:00:00,205.8,90.8,81.27,15.3,Medido
MED-0197,ATV-005,2026-08-02T00:00:00,295.5,143.83,96.93,14.4,Medido
MED-0198,ATV-006,2026-08-02T00:00:00,3.2,82.46,97.88,12.7,Medido
MED-0199,ATV-007,2026-08-02T00:00:00,337.71,170.16,99.7,9.6,Medido
MED-0200,ATV-008,2026-08-02T00:00:00,140.95,115.73,86.62,10.1,Medido
MED-0201,ATV-001,2026-08-02T01:00:00,3.6,66.9,97.94,13.1,Medido
MED-0202,ATV-002,2026-08-02T01:00:00,230.2,92.19,84.1,10.9,Medido
MED-0203,ATV-003,2026-08-02T01:00:00,271.36,124.43,97.17,12.3,Medido
MED-0204,ATV-004,2026-08-02T01:00:00,205.8,90.8,81.27,14.3,Medido
MED-0205,ATV-005,2026-08-02T01:00:00,296.8,143.83,96.93,13.4,Medido
MED-0206,ATV-006,2026-08-02T01:00:00,3.2,82.46,97.88,11.7,Medido
MED-0207,ATV-007,2026-08-02T01:00:00,339.2,170.16,99.7,8.6,Medido
MED-0208,ATV-008,2026-08-02T01:00:00,131.48,115.73,86.62,9.1,Medido
MED-0209,ATV-001,2026-08-02T02:00:00,3.6,66.9,97.94,12.7,Medido
MED-0210,ATV-002,2026-08-02T02:00:00,235.2,92.19,84.1,10.6,Medido
MED-0211,ATV-003,2026-08-02T02:00:00,272.55,124.43,97.17,12.0,Medido
MED-0212,ATV-004,2026-08-02T02:00:00,205.8,90.8,81.27,14.0,Medido
MED-0213,ATV-005,2026-08-02T02:00:00,298.1,143.83,96.93,13.1,Medido
MED-0214,ATV-006,2026-08-02T02:00:00,3.2,82.46,97.88,11.3,Medido
MED-0215,ATV-007,2026-08-02T02:00:00,340.68,170.16,99.7,8.3,Medido
MED-0216,ATV-008,2026-08-02T02:00:00,122.61,115.73,86.62,8.7,Medido
MED-0217,ATV-001,2026-08-02T03:00:00,3.6,66.9,97.94,13.1,Medido
MED-0218,ATV-002,2026-08-02T03:00:00,235.2,92.19,84.1,10.9,Medido
MED-0219,ATV-003,2026-08-02T03:00:00,273.72,124.43,97.17,12.3,Medido
MED-0220,ATV-004,2026-08-02T03:00:00,201.38,90.8,81.27,14.3,Medido
MED-0221,ATV-005,2026-08-02T03:00:00,299.38,143.83,96.93,13.4,Medido
MED-0222,ATV-006,2026-08-02T03:00:00,3.2,82.46,97.88,11.7,Medido
MED-0223,ATV-007,2026-08-02T03:00:00,342.15,170.16,99.7,8.6,Medido
MED-0224,ATV-008,2026-08-02T03:00:00,114.53,115.73,86.62,9.1,Medido
MED-0225,ATV-001,2026-08-02T04:00:00,3.6,66.9,97.94,14.0,Medido
MED-0226,ATV-002,2026-08-02T04:00:00,235.2,92.19,84.1,11.9,Medido
MED-0227,ATV-003,2026-08-02T04:00:00,274.86,124.43,97.17,13.3,Medido
MED-0228,ATV-004,2026-08-02T04:00:00,195.84,90.8,81.27,15.3,Medido
MED-0229,ATV-005,2026-08-02T04:00:00,300.63,143.83,96.93,14.4,Medido
MED-0230,ATV-006,2026-08-02T04:00:00,3.2,82.46,97.88,12.7,Medido
MED-0231,ATV-007,2026-08-02T04:00:00,343.58,170.16,99.7,9.6,Medido
MED-0232,ATV-008,2026-08-02T04:00:00,107.39,115.73,86.62,10.1,Medido
MED-0233,ATV-001,2026-08-02T05:00:00,3.6,66.9,97.94,15.6,Medido
MED-0234,ATV-002,2026-08-02T05:00:00,235.2,92.19,84.1,13.5,Medido
MED-0235,ATV-003,2026-08-02T05:00:00,275.97,124.43,97.17,14.9,Medido
MED-0236,ATV-004,2026-08-02T05:00:00,189.31,90.8,81.27,16.9,Medido
MED-0237,ATV-005,2026-08-02T05:00:00,301.84,143.83,96.93,16.0,Medido
MED-0238,ATV-006,2026-08-02T05:00:00,3.2,82.46,97.88,14.3,Medido
MED-0239,ATV-007,2026-08-02T05:00:00,344.96,170.16,99.7,11.2,Medido
MED-0240,ATV-008,2026-08-02T05:00:00,101.34,115.73,86.62,11.7,Medido
MED-0241,ATV-001,2026-08-02T06:00:00,3.6,66.9,97.94,17.7,Medido
MED-0242,ATV-002,2026-08-02T06:00:00,235.2,92.19,84.1,15.6,Medido
MED-0243,ATV-003,2026-08-02T06:00:00,277.04,124.43,97.17,17.0,Medido
MED-0244,ATV-004,2026-08-02T06:00:00,181.91,90.8,81.27,19.0,Medido
MED-0245,ATV-005,2026-08-02T06:00:00,303.02,143.83,96.93,18.1,Medido
MED-0246,ATV-006,2026-08-02T06:00:00,3.2,82.46,97.88,16.3,Medido
MED-0247,ATV-007,2026-08-02T06:00:00,346.3,170.16,99.7,13.3,Medido
MED-0248,ATV-008,2026-08-02T06:00:00,96.51,115.73,86.62,13.7,Estimado
MED-0249,ATV-001,2026-08-02T07:00:00,49.57,66.9,97.94,20.1,Medido
MED-0250,ATV-002,2026-08-02T07:00:00,235.2,92.19,84.1,18.0,Medido
MED-0251,ATV-003,2026-08-02T07:00:00,278.07,124.43,97.17,19.4,Medido
MED-0252,ATV-004,2026-08-02T07:00:00,173.8,90.8,81.27,21.4,Medido
MED-0253,ATV-005,2026-08-02T07:00:00,304.13,143.83,96.93,20.5,Medido
MED-0254,ATV-006,2026-08-02T07:00:00,44.06,82.46,97.88,18.7,Medido
MED-0255,ATV-007,2026-08-02T07:00:00,347.58,170.16,99.7,15.7,Estimado
MED-0256,ATV-008,2026-08-02T07:00:00,92.99,115.73,86.62,16.2,Medido
MED-0257,ATV-001,2026-08-02T08:00:00,95.76,80.9,97.94,22.7,Medido
MED-0258,ATV-002,2026-08-02T08:00:00,235.2,110.87,84.1,20.6,Medido
MED-0259,ATV-003,2026-08-02T08:00:00,279.03,149.33,97.17,22.0,Medido
MED-0260,ATV-004,2026-08-02T08:00:00,165.15,107.14,81.27,24.0,Medido
MED-0261,ATV-005,2026-08-02T08:00:00,305.19,171.06,96.93,23.1,Medido
MED-0262,ATV-006,2026-08-02T08:00:00,85.12,94.91,97.88,21.3,Estimado
MED-0263,ATV-007,2026-08-02T08:00:00,348.79,201.28,99.7,18.3,Medido
MED-0264,ATV-008,2026-08-02T08:00:00,90.86,133.63,86.62,18.7,Medido
MED-0265,ATV-001,2026-08-02T09:00:00,135.43,80.9,97.94,25.3,Medido
MED-0266,ATV-002,2026-08-02T09:00:00,230.15,110.87,84.1,23.2,Medido
MED-0267,ATV-003,2026-08-02T09:00:00,279.94,149.33,97.17,24.6,Medido
MED-0268,ATV-004,2026-08-02T09:00:00,156.13,107.14,81.27,26.6,Medido
MED-0269,ATV-005,2026-08-02T09:00:00,306.19,171.06,96.93,25.7,Estimado
MED-0270,ATV-006,2026-08-02T09:00:00,120.38,94.91,97.88,23.9,Medido
MED-0271,ATV-007,2026-08-02T09:00:00,349.93,201.28,99.7,20.9,Medido
MED-0272,ATV-008,2026-08-02T09:00:00,90.16,133.63,86.62,21.3,Medido
MED-0273,ATV-001,2026-08-02T10:00:00,165.86,80.9,97.94,27.7,Medido
MED-0274,ATV-002,2026-08-02T10:00:00,223.82,110.87,84.1,25.6,Medido
MED-0275,ATV-003,2026-08-02T10:00:00,280.78,149.33,97.17,27.0,Medido
MED-0276,ATV-004,2026-08-02T10:00:00,146.92,107.14,81.27,29.0,Estimado
MED-0277,ATV-005,2026-08-02T10:00:00,307.1,171.06,96.93,28.1,Medido
MED-0278,ATV-006,2026-08-02T10:00:00,147.43,94.91,97.88,26.3,Medido
MED-0279,ATV-007,2026-08-02T10:00:00,350.98,201.28,99.7,23.3,Medido
MED-0280,ATV-008,2026-08-02T10:00:00,90.9,133.63,86.62,23.7,Medido
MED-0281,ATV-001,2026-08-02T11:00:00,176.4,80.9,97.94,29.8,Medido
MED-0282,ATV-002,2026-08-02T11:00:00,216.35,110.87,84.1,27.7,Medido
MED-0283,ATV-003,2026-08-02T11:00:00,281.55,149.33,97.17,29.1,Estimado
MED-0284,ATV-004,2026-08-02T11:00:00,137.71,107.14,81.27,31.1,Medido
MED-0285,ATV-005,2026-08-02T11:00:00,307.94,171.06,96.93,30.2,Medido
MED-0286,ATV-006,2026-08-02T11:00:00,156.8,94.91,97.88,28.4,Medido
MED-0287,ATV-007,2026-08-02T11:00:00,351.93,201.28,99.7,25.4,Medido
MED-0288,ATV-008,2026-08-02T11:00:00,93.07,133.63,86.62,25.8,Medido
MED-0289,ATV-001,2026-08-02T12:00:00,176.4,80.9,97.94,31.4,Medido
MED-0290,ATV-002,2026-08-02T12:00:00,207.9,110.87,84.1,29.3,Estimado
MED-0291,ATV-003,2026-08-02T12:00:00,282.23,149.33,97.17,30.6,Medido
MED-0292,ATV-004,2026-08-02T12:00:00,128.69,107.14,81.27,32.7,Medido
MED-0293,ATV-005,2026-08-02T12:00:00,308.69,171.06,96.93,31.7,Medido
MED-0294,ATV-006,2026-08-02T12:00:00,156.8,94.91,97.88,30.0,Medido
MED-0295,ATV-007,2026-08-02T12:00:00,352.79,201.28,99.7,27.0,Medido
MED-0296,ATV-008,2026-08-02T12:00:00,96.62,133.63,86.62,27.4,Medido
MED-0297,ATV-001,2026-08-02T13:00:00,176.4,80.9,97.94,32.4,Estimado
MED-0298,ATV-002,2026-08-02T13:00:00,198.63,110.87,84.1,30.3,Medido
MED-0299,ATV-003,2026-08-02T13:00:00,282.84,149.33,97.17,31.6,Medido
MED-0300,ATV-004,2026-08-02T13:00:00,120.05,107.14,81.27,33.7,Medido
MED-0301,ATV-005,2026-08-02T13:00:00,309.35,171.06,96.93,32.7,Medido
MED-0302,ATV-006,2026-08-02T13:00:00,156.8,94.91,97.88,31.0,Medido
MED-0303,ATV-007,2026-08-02T13:00:00,353.54,201.28,99.7,28.0,Medido
MED-0304,ATV-008,2026-08-02T13:00:00,101.49,133.63,86.62,28.4,Medido
MED-0305,ATV-001,2026-08-02T14:00:00,165.86,80.9,97.94,32.7,Medido
MED-0306,ATV-002,2026-08-02T14:00:00,188.74,110.87,84.1,30.6,Medido
MED-0307,ATV-003,2026-08-02T14:00:00,283.35,149.33,97.17,32.0,Medido
MED-0308,ATV-004,2026-08-02T14:00:00,111.95,107.14,81.27,34.0,Medido
MED-0309,ATV-005,2026-08-02T14:00:00,309.91,171.06,96.93,33.1,Medido
MED-0310,ATV-006,2026-08-02T14:00:00,147.43,94.91,97.88,31.3,Medido
MED-0311,ATV-007,2026-08-02T14:00:00,354.19,201.28,99.7,28.3,Medido
MED-0312,ATV-008,2026-08-02T14:00:00,107.56,133.63,86.62,28.7,Medido
MED-0313,ATV-001,2026-08-02T15:00:00,135.43,80.9,97.94,32.4,Medido
MED-0314,ATV-002,2026-08-02T15:00:00,178.43,110.87,84.1,30.3,Medido
MED-0315,ATV-003,2026-08-02T15:00:00,283.77,149.33,97.17,31.6,Medido
MED-0316,ATV-004,2026-08-02T15:00:00,104.57,107.14,81.27,33.7,Medido
MED-0317,ATV-005,2026-08-02T15:00:00,310.38,171.06,96.93,32.7,Medido
MED-0318,ATV-006,2026-08-02T15:00:00,120.38,94.91,97.88,31.0,Medido
MED-0319,ATV-007,2026-08-02T15:00:00,354.72,201.28,99.7,28.0,Medido
MED-0320,ATV-008,2026-08-02T15:00:00,114.73,133.63,86.62,28.4,Medido
MED-0321,ATV-001,2026-08-02T16:00:00,95.76,80.9,97.94,31.4,Medido
MED-0322,ATV-002,2026-08-02T16:00:00,167.91,110.87,84.1,29.3,Medido
MED-0323,ATV-003,2026-08-02T16:00:00,284.1,149.33,97.17,30.6,Medido
MED-0324,ATV-004,2026-08-02T16:00:00,98.05,107.14,81.27,32.7,Medido
MED-0325,ATV-005,2026-08-02T16:00:00,310.74,171.06,96.93,31.7,Medido
MED-0326,ATV-006,2026-08-02T16:00:00,85.12,94.91,97.88,30.0,Medido
MED-0327,ATV-007,2026-08-02T16:00:00,355.13,201.28,99.7,27.0,Medido
MED-0328,ATV-008,2026-08-02T16:00:00,122.84,133.63,86.62,27.4,Medido
MED-0329,ATV-001,2026-08-02T17:00:00,49.57,80.9,97.94,29.8,Medido
MED-0330,ATV-002,2026-08-02T17:00:00,157.38,110.87,84.1,27.7,Medido
MED-0331,ATV-003,2026-08-02T17:00:00,284.34,149.33,97.17,29.1,Medido
MED-0332,ATV-004,2026-08-02T17:00:00,92.53,107.14,81.27,31.1,Medido
MED-0333,ATV-005,2026-08-02T17:00:00,310.99,171.06,96.93,30.2,Medido
MED-0334,ATV-006,2026-08-02T17:00:00,44.06,94.91,97.88,28.4,Medido
MED-0335,ATV-007,2026-08-02T17:00:00,355.42,201.28,99.7,25.4,Medido
MED-0336,ATV-008,2026-08-02T17:00:00,131.72,133.63,86.62,25.8,Medido
MED-0337,ATV-001,2026-08-02T18:00:00,3.6,80.9,97.94,27.7,Medido
MED-0338,ATV-002,2026-08-02T18:00:00,147.08,110.87,84.1,25.6,Medido
MED-0339,ATV-003,2026-08-02T18:00:00,284.47,149.33,97.17,27.0,Medido
MED-0340,ATV-004,2026-08-02T18:00:00,88.12,107.14,81.27,29.0,Medido
MED-0341,ATV-005,2026-08-02T18:00:00,311.14,171.06,96.93,28.1,Medido
MED-0342,ATV-006,2026-08-02T18:00:00,3.2,94.91,97.88,26.3,Medido
MED-0343,ATV-007,2026-08-02T18:00:00,355.59,201.28,99.7,23.3,Medido
MED-0344,ATV-008,2026-08-02T18:00:00,141.21,133.63,86.62,23.7,Medido
MED-0345,ATV-001,2026-08-02T19:00:00,3.6,80.9,97.94,25.3,Medido
MED-0346,ATV-002,2026-08-02T19:00:00,137.2,110.87,84.1,23.2,Medido
MED-0347,ATV-003,2026-08-02T19:00:00,284.5,149.33,97.17,24.6,Medido
MED-0348,ATV-004,2026-08-02T19:00:00,84.91,107.14,81.27,26.6,Medido
MED-0349,ATV-005,2026-08-02T19:00:00,311.18,171.06,96.93,25.7,Medido
MED-0350,ATV-006,2026-08-02T19:00:00,3.2,94.91,97.88,23.9,Medido
MED-0351,ATV-007,2026-08-02T19:00:00,355.63,201.28,99.7,20.9,Medido
MED-0352,ATV-008,2026-08-02T19:00:00,151.09,133.63,86.62,21.3,Medido
MED-0353,ATV-001,2026-08-02T20:00:00,3.6,80.9,97.94,22.7,Medido
MED-0354,ATV-002,2026-08-02T20:00:00,127.94,110.87,84.1,20.6,Medido
MED-0355,ATV-003,2026-08-02T20:00:00,284.44,149.33,97.17,22.0,Medido
MED-0356,ATV-004,2026-08-02T20:00:00,82.96,107.14,81.27,24.0,Medido
MED-0357,ATV-005,2026-08-02T20:00:00,311.11,171.06,96.93,23.1,Medido
MED-0358,ATV-006,2026-08-02T20:00:00,3.2,94.91,97.88,21.3,Medido
MED-0359,ATV-007,2026-08-02T20:00:00,355.55,201.28,99.7,18.3,Medido
MED-0360,ATV-008,2026-08-02T20:00:00,161.18,133.63,86.62,18.7,Medido
MED-0361,ATV-001,2026-08-02T21:00:00,3.6,80.9,97.94,20.1,Medido
MED-0362,ATV-002,2026-08-02T21:00:00,119.51,110.87,84.1,18.0,Medido
MED-0363,ATV-003,2026-08-02T21:00:00,284.28,149.33,97.17,19.4,Medido
MED-0364,ATV-004,2026-08-02T21:00:00,82.32,107.14,81.27,21.4,Medido
MED-0365,ATV-005,2026-08-02T21:00:00,310.93,171.06,96.93,20.5,Medido
MED-0366,ATV-006,2026-08-02T21:00:00,3.2,94.91,97.88,18.7,Medido
MED-0367,ATV-007,2026-08-02T21:00:00,355.34,201.28,99.7,15.7,Medido
MED-0368,ATV-008,2026-08-02T21:00:00,171.26,133.63,86.62,16.2,Medido
MED-0369,ATV-001,2026-08-02T22:00:00,3.6,66.9,97.94,17.7,Medido
MED-0370,ATV-002,2026-08-02T22:00:00,112.06,92.19,84.1,15.6,Medido
MED-0371,ATV-003,2026-08-02T22:00:00,284.01,124.43,97.17,17.0,Medido
MED-0372,ATV-004,2026-08-02T22:00:00,83.0,90.8,81.27,19.0,Medido
MED-0373,ATV-005,2026-08-02T22:00:00,310.64,143.83,96.93,18.1,Medido
MED-0374,ATV-006,2026-08-02T22:00:00,3.2,82.46,97.88,16.3,Medido
MED-0375,ATV-007,2026-08-02T22:00:00,355.02,170.16,99.7,13.3,Medido
MED-0376,ATV-008,2026-08-02T22:00:00,181.14,115.73,86.62,13.7,Medido
MED-0377,ATV-001,2026-08-02T23:00:00,3.6,66.9,97.94,15.6,Medido
MED-0378,ATV-002,2026-08-02T23:00:00,105.75,92.19,84.1,13.5,Medido
MED-0379,ATV-003,2026-08-02T23:00:00,283.66,124.43,97.17,14.9,Medido
MED-0380,ATV-004,2026-08-02T23:00:00,84.98,90.8,81.27,16.9,Medido
MED-0381,ATV-005,2026-08-02T23:00:00,310.25,143.83,96.93,16.0,Medido
MED-0382,ATV-006,2026-08-02T23:00:00,3.2,82.46,97.88,14.3,Medido
MED-0383,ATV-007,2026-08-02T23:00:00,354.57,170.16,99.7,11.2,Medido
MED-0384,ATV-008,2026-08-02T23:00:00,190.6,115.73,86.62,11.7,Medido
MED-0385,ATV-001,2026-08-03T00:00:00,3.6,91.09,97.83,14.0,Medido
MED-0386,ATV-002,2026-08-03T00:00:00,215.89,124.45,83.21,11.9,Medido
MED-0387,ATV-003,2026-08-03T00:00:00,271.26,167.44,96.32,13.3,Medido
MED-0388,ATV-004,2026-08-03T00:00:00,203.48,119.02,81.24,15.3,Medido
MED-0389,ATV-005,2026-08-03T00:00:00,296.69,190.87,97.75,14.4,Medido
MED-0390,ATV-006,2026-08-03T00:00:00,3.2,103.97,98.79,12.7,Medido
MED-0391,ATV-007,2026-08-03T00:00:00,339.08,223.92,99.7,9.6,Medido
MED-0392,ATV-008,2026-08-03T00:00:00,135.91,146.64,85.88,10.1,Medido
MED-0393,ATV-001,2026-08-03T01:00:00,3.6,91.09,97.83,13.1,Medido
MED-0394,ATV-002,2026-08-03T01:00:00,221.98,124.45,83.21,10.9,Medido
MED-0395,ATV-003,2026-08-03T01:00:00,272.41,167.44,96.32,12.3,Medido
MED-0396,ATV-004,2026-08-03T01:00:00,201.58,119.02,81.24,14.3,Medido
MED-0397,ATV-005,2026-08-03T01:00:00,297.95,190.87,97.75,13.4,Medido
MED-0398,ATV-006,2026-08-03T01:00:00,3.2,103.97,98.79,11.7,Medido
MED-0399,ATV-007,2026-08-03T01:00:00,340.52,223.92,99.7,8.6,Medido
MED-0400,ATV-008,2026-08-03T01:00:00,126.78,146.64,85.88,9.1,Estimado
MED-0401,ATV-001,2026-08-03T02:00:00,3.6,91.09,97.83,12.7,Medido
MED-0402,ATV-002,2026-08-03T02:00:00,226.85,124.45,83.21,10.6,Medido
MED-0403,ATV-003,2026-08-03T02:00:00,273.55,167.44,96.32,12.0,Medido
MED-0404,ATV-004,2026-08-03T02:00:00,198.46,119.02,81.24,14.0,Medido
MED-0405,ATV-005,2026-08-03T02:00:00,299.2,190.87,97.75,13.1,Medido
MED-0406,ATV-006,2026-08-03T02:00:00,3.2,103.97,98.79,11.3,Medido
MED-0407,ATV-007,2026-08-03T02:00:00,341.94,223.92,99.7,8.3,Estimado
MED-0408,ATV-008,2026-08-03T02:00:00,118.23,146.64,85.88,8.7,Medido
MED-0409,ATV-001,2026-08-03T03:00:00,3.6,91.09,97.83,13.1,Medido
MED-0410,ATV-002,2026-08-03T03:00:00,230.4,124.45,83.21,10.9,Medido
MED-0411,ATV-003,2026-08-03T03:00:00,274.68,167.44,96.32,12.3,Medido
MED-0412,ATV-004,2026-08-03T03:00:00,194.19,119.02,81.24,14.3,Medido
MED-0413,ATV-005,2026-08-03T03:00:00,300.43,190.87,97.75,13.4,Medido
MED-0414,ATV-006,2026-08-03T03:00:00,3.2,103.97,98.79,11.7,Estimado
MED-0415,ATV-007,2026-08-03T03:00:00,343.35,223.92,99.7,8.6,Medido
MED-0416,ATV-008,2026-08-03T03:00:00,110.44,146.64,85.88,9.1,Medido
MED-0417,ATV-001,2026-08-03T04:00:00,3.6,91.09,97.83,14.0,Medido
MED-0418,ATV-002,2026-08-03T04:00:00,232.56,124.45,83.21,11.9,Medido
MED-0419,ATV-003,2026-08-03T04:00:00,275.78,167.44,96.32,13.3,Medido
MED-0420,ATV-004,2026-08-03T04:00:00,188.85,119.02,81.24,15.3,Medido
MED-0421,ATV-005,2026-08-03T04:00:00,301.64,190.87,97.75,14.4,Estimado
MED-0422,ATV-006,2026-08-03T04:00:00,3.2,103.97,98.79,12.7,Medido
MED-0423,ATV-007,2026-08-03T04:00:00,344.73,223.92,99.7,9.6,Medido
MED-0424,ATV-008,2026-08-03T04:00:00,103.55,146.64,85.88,10.1,Medido
MED-0425,ATV-001,2026-08-03T05:00:00,3.6,91.09,97.83,15.6,Medido
MED-0426,ATV-002,2026-08-03T05:00:00,233.28,124.45,83.21,13.5,Medido
MED-0427,ATV-003,2026-08-03T05:00:00,276.86,167.44,96.32,14.9,Medido
MED-0428,ATV-004,2026-08-03T05:00:00,182.55,119.02,81.24,16.9,Estimado
MED-0429,ATV-005,2026-08-03T05:00:00,302.81,190.87,97.75,16.0,Medido
MED-0430,ATV-006,2026-08-03T05:00:00,3.2,103.97,98.79,14.3,Medido
MED-0431,ATV-007,2026-08-03T05:00:00,346.07,223.92,99.7,11.2,Medido
MED-0432,ATV-008,2026-08-03T05:00:00,97.72,146.64,85.88,11.7,Medido
MED-0433,ATV-001,2026-08-03T06:00:00,3.6,91.09,97.83,17.7,Medido
MED-0434,ATV-002,2026-08-03T06:00:00,232.55,124.45,83.21,15.6,Medido
MED-0435,ATV-003,2026-08-03T06:00:00,277.89,167.44,96.32,17.0,Estimado
MED-0436,ATV-004,2026-08-03T06:00:00,175.42,119.02,81.24,19.0,Medido
MED-0437,ATV-005,2026-08-03T06:00:00,303.94,190.87,97.75,18.1,Medido
MED-0438,ATV-006,2026-08-03T06:00:00,3.2,103.97,98.79,16.3,Medido
MED-0439,ATV-007,2026-08-03T06:00:00,347.36,223.92,99.7,13.3,Medido
MED-0440,ATV-008,2026-08-03T06:00:00,93.06,146.64,85.88,13.7,Medido
MED-0441,ATV-001,2026-08-03T07:00:00,47.8,91.09,97.83,20.1,Medido
MED-0442,ATV-002,2026-08-03T07:00:00,230.38,124.45,83.21,18.0,Estimado
MED-0443,ATV-003,2026-08-03T07:00:00,278.88,167.44,96.32,19.4,Medido
MED-0444,ATV-004,2026-08-03T07:00:00,167.6,119.02,81.24,21.4,Medido
MED-0445,ATV-005,2026-08-03T07:00:00,305.02,190.87,97.75,20.5,Medido
MED-0446,ATV-006,2026-08-03T07:00:00,42.49,103.97,98.79,18.7,Medido
MED-0447,ATV-007,2026-08-03T07:00:00,348.59,223.92,99.7,15.7,Medido
MED-0448,ATV-008,2026-08-03T07:00:00,89.67,146.64,85.88,16.2,Medido
MED-0449,ATV-001,2026-08-03T08:00:00,92.34,110.53,97.83,22.7,Estimado
MED-0450,ATV-002,2026-08-03T08:00:00,226.81,150.37,83.21,20.6,Medido
MED-0451,ATV-003,2026-08-03T08:00:00,279.81,202.0,96.32,22.0,Medido
MED-0452,ATV-004,2026-08-03T08:00:00,159.25,141.7,81.24,24.0,Medido
MED-0453,ATV-005,2026-08-03T08:00:00,306.04,228.67,97.75,23.1,Medido
MED-0454,ATV-006,2026-08-03T08:00:00,82.08,121.25,98.79,21.3,Medido
MED-0455,ATV-007,2026-08-03T08:00:00,349.76,267.12,99.7,18.3,Medido
MED-0456,ATV-008,2026-08-03T08:00:00,87.62,171.48,85.88,18.7,Medido
MED-0457,ATV-001,2026-08-03T09:00:00,130.59,110.53,97.83,25.3,Medido
MED-0458,ATV-002,2026-08-03T09:00:00,221.93,150.37,83.21,23.2,Medido
MED-0459,ATV-003,2026-08-03T09:00:00,280.68,202.0,96.32,24.6,Medido
MED-0460,ATV-004,2026-08-03T09:00:00,150.55,141.7,81.24,26.6,Medido
MED-0461,ATV-005,2026-08-03T09:00:00,307.0,228.67,97.75,25.7,Medido
MED-0462,ATV-006,2026-08-03T09:00:00,116.08,121.25,98.79,23.9,Medido
MED-0463,ATV-007,2026-08-03T09:00:00,350.86,267.12,99.7,20.9,Medido
MED-0464,ATV-008,2026-08-03T09:00:00,86.94,171.48,85.88,21.3,Medido
MED-0465,ATV-001,2026-08-03T10:00:00,159.94,110.53,97.83,27.7,Medido
MED-0466,ATV-002,2026-08-03T10:00:00,215.83,150.37,83.21,25.6,Medido
MED-0467,ATV-003,2026-08-03T10:00:00,281.49,202.0,96.32,27.0,Medido
MED-0468,ATV-004,2026-08-03T10:00:00,141.67,141.7,81.24,29.0,Medido
MED-0469,ATV-005,2026-08-03T10:00:00,307.88,228.67,97.75,28.1,Medido
MED-0470,ATV-006,2026-08-03T10:00:00,142.17,121.25,98.79,26.3,Medido
MED-0471,ATV-007,2026-08-03T10:00:00,351.87,267.12,99.7,23.3,Medido
MED-0472,ATV-008,2026-08-03T10:00:00,87.65,171.48,85.88,23.7,Medido
MED-0473,ATV-001,2026-08-03T11:00:00,176.4,110.53,97.83,29.8,Medido
MED-0474,ATV-002,2026-08-03T11:00:00,208.63,150.37,83.21,27.7,Medido
MED-0475,ATV-003,2026-08-03T11:00:00,282.23,202.0,96.32,29.1,Medido
MED-0476,ATV-004,2026-08-03T11:00:00,132.79,141.7,81.24,31.1,Medido
MED-0477,ATV-005,2026-08-03T11:00:00,308.69,228.67,97.75,30.2,Medido
MED-0478,ATV-006,2026-08-03T11:00:00,156.8,121.25,98.79,28.4,Medido
MED-0479,ATV-007,2026-08-03T11:00:00,352.79,267.12,99.7,25.4,Medido
MED-0480,ATV-008,2026-08-03T11:00:00,89.75,171.48,85.88,25.8,Medido
MED-0481,ATV-001,2026-08-03T12:00:00,176.4,110.53,97.83,31.4,Medido
MED-0482,ATV-002,2026-08-03T12:00:00,200.47,150.37,83.21,29.3,Medido
MED-0483,ATV-003,2026-08-03T12:00:00,282.89,202.0,96.32,30.6,Medido
MED-0484,ATV-004,2026-08-03T12:00:00,124.1,141.7,81.24,32.7,Medido
MED-0485,ATV-005,2026-08-03T12:00:00,309.42,228.67,97.75,31.7,Medido
MED-0486,ATV-006,2026-08-03T12:00:00,156.8,121.25,98.79,30.0,Medido
MED-0487,ATV-007,2026-08-03T12:00:00,353.62,267.12,99.7,27.0,Medido
MED-0488,ATV-008,2026-08-03T12:00:00,93.17,171.48,85.88,27.4,Medido
MED-0489,ATV-001,2026-08-03T13:00:00,176.4,110.53,97.83,32.4,Medido
MED-0490,ATV-002,2026-08-03T13:00:00,191.54,150.37,83.21,30.3,Medido
MED-0491,ATV-003,2026-08-03T13:00:00,283.48,202.0,96.32,31.6,Medido
MED-0492,ATV-004,2026-08-03T13:00:00,115.76,141.7,81.24,33.7,Medido
MED-0493,ATV-005,2026-08-03T13:00:00,310.05,228.67,97.75,32.7,Medido
MED-0494,ATV-006,2026-08-03T13:00:00,156.8,121.25,98.79,31.0,Medido
MED-0495,ATV-007,2026-08-03T13:00:00,354.34,267.12,99.7,28.0,Medido
MED-0496,ATV-008,2026-08-03T13:00:00,97.86,171.48,85.88,28.4,Medido
MED-0497,ATV-001,2026-08-03T14:00:00,159.94,110.53,97.83,32.7,Medido
MED-0498,ATV-002,2026-08-03T14:00:00,182.0,150.37,83.21,30.6,Medido
MED-0499,ATV-003,2026-08-03T14:00:00,283.97,202.0,96.32,32.0,Medido
MED-0500,ATV-004,2026-08-03T14:00:00,107.95,141.7,81.24,34.0,Medido
MED-0501,ATV-005,2026-08-03T14:00:00,310.59,228.67,97.75,33.1,Medido
MED-0502,ATV-006,2026-08-03T14:00:00,142.17,121.25,98.79,31.3,Medido
MED-0503,ATV-007,2026-08-03T14:00:00,354.96,267.12,99.7,28.3,Medido
MED-0504,ATV-008,2026-08-03T14:00:00,103.72,171.48,85.88,28.7,Medido
MED-0505,ATV-001,2026-08-03T15:00:00,130.59,110.53,97.83,32.4,Medido
MED-0506,ATV-002,2026-08-03T15:00:00,172.06,150.37,83.21,30.3,Medido
MED-0507,ATV-003,2026-08-03T15:00:00,284.38,202.0,96.32,31.6,Medido
MED-0508,ATV-004,2026-08-03T15:00:00,100.83,141.7,81.24,33.7,Medido
MED-0509,ATV-005,2026-08-03T15:00:00,311.04,228.67,97.75,32.7,Medido
MED-0510,ATV-006,2026-08-03T15:00:00,116.08,121.25,98.79,31.0,Medido
MED-0511,ATV-007,2026-08-03T15:00:00,355.48,267.12,99.7,28.0,Medido
MED-0512,ATV-008,2026-08-03T15:00:00,110.63,171.48,85.88,28.4,Medido
MED-0513,ATV-001,2026-08-03T16:00:00,92.34,110.53,97.83,31.4,Medido
MED-0514,ATV-002,2026-08-03T16:00:00,161.91,150.37,83.21,29.3,Medido
MED-0515,ATV-003,2026-08-03T16:00:00,284.7,202.0,96.32,30.6,Medido
MED-0516,ATV-004,2026-08-03T16:00:00,94.55,141.7,81.24,32.7,Medido
MED-0517,ATV-005,2026-08-03T16:00:00,311.39,228.67,97.75,31.7,Medido
MED-0518,ATV-006,2026-08-03T16:00:00,82.08,121.25,98.79,30.0,Medido
MED-0519,ATV-007,2026-08-03T16:00:00,355.87,267.12,99.7,27.0,Medido
MED-0520,ATV-008,2026-08-03T16:00:00,118.45,171.48,85.88,27.4,Medido
MED-0521,ATV-001,2026-08-03T17:00:00,47.8,110.53,97.83,29.8,Medido
MED-0522,ATV-002,2026-08-03T17:00:00,151.76,150.37,83.21,27.7,Medido
MED-0523,ATV-003,2026-08-03T17:00:00,284.92,202.0,96.32,29.1,Medido
MED-0524,ATV-004,2026-08-03T17:00:00,89.22,141.7,81.24,31.1,Medido
MED-0525,ATV-005,2026-08-03T17:00:00,311.63,228.67,97.75,30.2,Medido
MED-0526,ATV-006,2026-08-03T17:00:00,42.49,121.25,98.79,28.4,Medido
MED-0527,ATV-007,2026-08-03T17:00:00,356.15,267.12,99.7,25.4,Medido
MED-0528,ATV-008,2026-08-03T17:00:00,127.02,171.48,85.88,25.8,Medido
MED-0529,ATV-001,2026-08-03T18:00:00,3.6,110.53,97.83,27.7,Medido
MED-0530,ATV-002,2026-08-03T18:00:00,141.82,150.37,83.21,25.6,Medido
MED-0531,ATV-003,2026-08-03T18:00:00,285.05,202.0,96.32,27.0,Medido
MED-0532,ATV-004,2026-08-03T18:00:00,84.97,141.7,81.24,29.0,Medido
MED-0533,ATV-005,2026-08-03T18:00:00,311.77,228.67,97.75,28.1,Medido
MED-0534,ATV-006,2026-08-03T18:00:00,3.2,121.25,98.79,26.3,Medido
MED-0535,ATV-007,2026-08-03T18:00:00,356.31,267.12,99.7,23.3,Medido
MED-0536,ATV-008,2026-08-03T18:00:00,136.16,171.48,85.88,23.7,Medido
MED-0537,ATV-001,2026-08-03T19:00:00,3.6,110.53,97.83,25.3,Medido
MED-0538,ATV-002,2026-08-03T19:00:00,132.3,150.37,83.21,23.2,Medido
MED-0539,ATV-003,2026-08-03T19:00:00,285.08,202.0,96.32,24.6,Medido
MED-0540,ATV-004,2026-08-03T19:00:00,81.88,141.7,81.24,26.6,Medido
MED-0541,ATV-005,2026-08-03T19:00:00,311.81,228.67,97.75,25.7,Medido
MED-0542,ATV-006,2026-08-03T19:00:00,3.2,121.25,98.79,23.9,Medido
MED-0543,ATV-007,2026-08-03T19:00:00,356.36,267.12,99.7,20.9,Medido
MED-0544,ATV-008,2026-08-03T19:00:00,145.7,171.48,85.88,21.3,Medido
MED-0545,ATV-001,2026-08-03T20:00:00,3.6,110.53,97.83,22.7,Medido
MED-0546,ATV-002,2026-08-03T20:00:00,123.37,150.37,83.21,20.6,Medido
MED-0547,ATV-003,2026-08-03T20:00:00,285.02,202.0,96.32,22.0,Medido
MED-0548,ATV-004,2026-08-03T20:00:00,80.0,141.7,81.24,24.0,Medido
MED-0549,ATV-005,2026-08-03T20:00:00,311.74,228.67,97.75,23.1,Medido
MED-0550,ATV-006,2026-08-03T20:00:00,3.2,121.25,98.79,21.3,Medido
MED-0551,ATV-007,2026-08-03T20:00:00,356.28,267.12,99.7,18.3,Medido
MED-0552,ATV-008,2026-08-03T20:00:00,155.42,171.48,85.88,18.7,Estimado
MED-0553,ATV-001,2026-08-03T21:00:00,3.6,110.53,97.83,20.1,Medido
MED-0554,ATV-002,2026-08-03T21:00:00,115.24,150.37,83.21,18.0,Medido
MED-0555,ATV-003,2026-08-03T21:00:00,284.86,202.0,96.32,19.4,Medido
MED-0556,ATV-004,2026-08-03T21:00:00,79.38,141.7,81.24,21.4,Medido
MED-0557,ATV-005,2026-08-03T21:00:00,311.57,228.67,97.75,20.5,Medido
MED-0558,ATV-006,2026-08-03T21:00:00,3.2,121.25,98.79,18.7,Medido
MED-0559,ATV-007,2026-08-03T21:00:00,356.08,267.12,99.7,15.7,Estimado
MED-0560,ATV-008,2026-08-03T21:00:00,165.15,171.48,85.88,16.2,Medido
MED-0561,ATV-001,2026-08-03T22:00:00,3.6,91.09,97.83,17.7,Medido
MED-0562,ATV-002,2026-08-03T22:00:00,108.06,124.45,83.21,15.6,Medido
MED-0563,ATV-003,2026-08-03T22:00:00,284.61,167.44,96.32,17.0,Medido
MED-0564,ATV-004,2026-08-03T22:00:00,80.03,119.02,81.24,19.0,Medido
MED-0565,ATV-005,2026-08-03T22:00:00,311.29,190.87,97.75,18.1,Medido
MED-0566,ATV-006,2026-08-03T22:00:00,3.2,103.97,98.79,16.3,Estimado
MED-0567,ATV-007,2026-08-03T22:00:00,355.76,223.92,99.7,13.3,Medido
MED-0568,ATV-008,2026-08-03T22:00:00,174.67,146.64,85.88,13.7,Medido
MED-0569,ATV-001,2026-08-03T23:00:00,3.6,91.09,97.83,15.6,Medido
MED-0570,ATV-002,2026-08-03T23:00:00,101.97,124.45,83.21,13.5,Medido
MED-0571,ATV-003,2026-08-03T23:00:00,284.27,167.44,96.32,14.9,Medido
MED-0572,ATV-004,2026-08-03T23:00:00,81.94,119.02,81.24,16.9,Medido
MED-0573,ATV-005,2026-08-03T23:00:00,310.92,190.87,97.75,16.0,Estimado
MED-0574,ATV-006,2026-08-03T23:00:00,3.2,103.97,98.79,14.3,Medido
MED-0575,ATV-007,2026-08-03T23:00:00,355.33,223.92,99.7,11.2,Medido
MED-0576,ATV-008,2026-08-03T23:00:00,183.79,146.64,85.88,11.7,Medido
MED-0577,ATV-001,2026-08-04T00:00:00,3.6,96.18,97.29,14.0,Medido
MED-0578,ATV-002,2026-08-04T00:00:00,43.38,131.25,71.22,11.9,Medido
MED-0579,ATV-003,2026-08-04T00:00:00,160.85,176.49,95.78,13.3,Medido
MED-0580,ATV-004,2026-08-04T00:00:00,40.88,124.96,70.65,15.3,Estimado
MED-0581,ATV-005,2026-08-04T00:00:00,175.93,200.77,98.73,14.4,Medido
MED-0582,ATV-006,2026-08-04T00:00:00,3.2,108.5,99.44,12.7,Medido
MED-0583,ATV-007,2026-08-04T00:00:00,201.06,235.24,99.7,9.6,Medido
MED-0584,ATV-008,2026-08-04T00:00:00,27.31,153.15,73.93,10.1,Medido
MED-0585,ATV-001,2026-08-04T01:00:00,3.6,96.18,97.29,13.1,Medido
MED-0586,ATV-002,2026-08-04T01:00:00,44.6,131.25,71.22,10.9,Medido
MED-0587,ATV-003,2026-08-04T01:00:00,161.51,176.49,95.78,12.3,Estimado
MED-0588,ATV-004,2026-08-04T01:00:00,40.5,124.96,70.65,14.3,Medido
MED-0589,ATV-005,2026-08-04T01:00:00,176.65,200.77,98.73,13.4,Medido
MED-0590,ATV-006,2026-08-04T01:00:00,3.2,108.5,99.44,11.7,Medido
MED-0591,ATV-007,2026-08-04T01:00:00,201.88,235.24,99.7,8.6,Medido
MED-0592,ATV-008,2026-08-04T01:00:00,25.47,153.15,73.93,9.1,Medido
MED-0593,ATV-001,2026-08-04T02:00:00,3.6,96.18,97.29,12.7,Medido
MED-0594,ATV-002,2026-08-04T02:00:00,45.58,131.25,71.22,10.6,Estimado
MED-0595,ATV-003,2026-08-04T02:00:00,162.16,176.49,95.78,12.0,Medido
MED-0596,ATV-004,2026-08-04T02:00:00,39.88,124.96,70.65,14.0,Medido
MED-0597,ATV-005,2026-08-04T02:00:00,177.37,200.77,98.73,13.1,Medido
MED-0598,ATV-006,2026-08-04T02:00:00,3.2,108.5,99.44,11.3,Medido
MED-0599,ATV-007,2026-08-04T02:00:00,202.7,235.24,99.7,8.3,Medido
MED-0600,ATV-008,2026-08-04T02:00:00,23.76,153.15,73.93,8.7,Medido
MED-0601,ATV-001,2026-08-04T03:00:00,3.6,96.18,97.29,13.1,Estimado
MED-0602,ATV-002,2026-08-04T03:00:00,46.29,131.25,71.22,10.9,Medido
MED-0603,ATV-003,2026-08-04T03:00:00,162.81,176.49,95.78,12.3,Medido
MED-0604,ATV-004,2026-08-04T03:00:00,39.02,124.96,70.65,14.3,Medido
MED-0605,ATV-005,2026-08-04T03:00:00,178.07,200.77,98.73,13.4,Medido
MED-0606,ATV-006,2026-08-04T03:00:00,3.2,108.5,99.44,11.7,Medido
MED-0607,ATV-007,2026-08-04T03:00:00,203.51,235.24,99.7,8.6,Medido
MED-0608,ATV-008,2026-08-04T03:00:00,22.19,153.15,73.93,9.1,Medido
MED-0609,ATV-001,2026-08-04T04:00:00,3.6,96.18,97.29,14.0,Medido
MED-0610,ATV-002,2026-08-04T04:00:00,46.73,131.25,71.22,11.9,Medido
MED-0611,ATV-003,2026-08-04T04:00:00,163.44,176.49,95.78,13.3,Medido
MED-0612,ATV-004,2026-08-04T04:00:00,37.94,124.96,70.65,15.3,Medido
MED-0613,ATV-005,2026-08-04T04:00:00,178.77,200.77,98.73,14.4,Medido
MED-0614,ATV-006,2026-08-04T04:00:00,3.2,108.5,99.44,12.7,Medido
MED-0615,ATV-007,2026-08-04T04:00:00,204.3,235.24,99.7,9.6,Medido
MED-0616,ATV-008,2026-08-04T04:00:00,20.81,153.15,73.93,10.1,Medido
MED-0617,ATV-001,2026-08-04T05:00:00,3.6,96.18,97.29,15.6,Medido
MED-0618,ATV-002,2026-08-04T05:00:00,46.87,131.25,71.22,13.5,Medido
MED-0619,ATV-003,2026-08-04T05:00:00,164.06,176.49,95.78,14.9,Medido
MED-0620,ATV-004,2026-08-04T05:00:00,36.68,124.96,70.65,16.9,Medido
MED-0621,ATV-005,2026-08-04T05:00:00,179.44,200.77,98.73,16.0,Medido
MED-0622,ATV-006,2026-08-04T05:00:00,3.2,108.5,99.44,14.3,Medido
MED-0623,ATV-007,2026-08-04T05:00:00,205.07,235.24,99.7,11.2,Medido
MED-0624,ATV-008,2026-08-04T05:00:00,19.63,153.15,73.93,11.7,Medido
MED-0625,ATV-001,2026-08-04T06:00:00,3.6,96.18,97.29,17.7,Medido
MED-0626,ATV-002,2026-08-04T06:00:00,46.72,131.25,71.22,15.6,Medido
MED-0627,ATV-003,2026-08-04T06:00:00,164.65,176.49,95.78,17.0,Medido
MED-0628,ATV-004,2026-08-04T06:00:00,35.25,124.96,70.65,19.0,Medido
MED-0629,ATV-005,2026-08-04T06:00:00,180.09,200.77,98.73,18.1,Medido
MED-0630,ATV-006,2026-08-04T06:00:00,3.2,108.5,99.44,16.3,Medido
MED-0631,ATV-007,2026-08-04T06:00:00,205.81,235.24,99.7,13.3,Medido
MED-0632,ATV-008,2026-08-04T06:00:00,18.7,153.15,73.93,13.7,Medido
MED-0633,ATV-001,2026-08-04T07:00:00,27.44,96.18,97.29,20.1,Medido
MED-0634,ATV-002,2026-08-04T07:00:00,46.29,131.25,71.22,18.0,Medido
MED-0635,ATV-003,2026-08-04T07:00:00,165.22,176.49,95.78,19.4,Medido
MED-0636,ATV-004,2026-08-04T07:00:00,33.67,124.96,70.65,21.4,Medido
MED-0637,ATV-005,2026-08-04T07:00:00,180.71,200.77,98.73,20.5,Medido
MED-0638,ATV-006,2026-08-04T07:00:00,24.39,108.5,99.44,18.7,Medido
MED-0639,ATV-007,2026-08-04T07:00:00,206.52,235.24,99.7,15.7,Medido
MED-0640,ATV-008,2026-08-04T07:00:00,18.02,153.15,73.93,16.2,Medido
MED-0641,ATV-001,2026-08-04T08:00:00,53.01,116.77,97.29,22.7,Medido
MED-0642,ATV-002,2026-08-04T08:00:00,45.57,158.69,71.22,20.6,Medido
MED-0643,ATV-003,2026-08-04T08:00:00,165.75,213.08,95.78,22.0,Medido
MED-0644,ATV-004,2026-08-04T08:00:00,32.0,148.98,70.65,24.0,Medido
MED-0645,ATV-005,2026-08-04T08:00:00,181.29,240.79,98.73,23.1,Medido
MED-0646,ATV-006,2026-08-04T08:00:00,47.12,126.79,99.44,21.3,Medido
MED-0647,ATV-007,2026-08-04T08:00:00,207.19,280.98,99.7,18.3,Medido
MED-0648,ATV-008,2026-08-04T08:00:00,17.6,179.45,73.93,18.7,Medido
MED-0649,ATV-001,2026-08-04T09:00:00,74.97,116.77,97.29,25.3,Medido
MED-0650,ATV-002,2026-08-04T09:00:00,44.59,158.69,71.22,23.2,Medido
MED-0651,ATV-003,2026-08-04T09:00:00,166.26,213.08,95.78,24.6,Medido
MED-0652,ATV-004,2026-08-04T09:00:00,30.25,148.98,70.65,26.6,Medido
MED-0653,ATV-005,2026-08-04T09:00:00,181.84,240.79,98.73,25.7,Medido
MED-0654,ATV-006,2026-08-04T09:00:00,66.64,126.79,99.44,23.9,Medido
MED-0655,ATV-007,2026-08-04T09:00:00,207.82,280.98,99.7,20.9,Medido
MED-0656,ATV-008,2026-08-04T09:00:00,17.47,179.45,73.93,21.3,Medido
MED-0657,ATV-001,2026-08-04T10:00:00,91.82,116.77,97.29,27.7,Medido
MED-0658,ATV-002,2026-08-04T10:00:00,43.37,158.69,71.22,25.6,Medido
MED-0659,ATV-003,2026-08-04T10:00:00,166.72,213.08,95.78,27.0,Medido
MED-0660,ATV-004,2026-08-04T10:00:00,28.47,148.98,70.65,29.0,Medido
MED-0661,ATV-005,2026-08-04T10:00:00,182.35,240.79,98.73,28.1,Medido
MED-0662,ATV-006,2026-08-04T10:00:00,81.61,126.79,99.44,26.3,Medido
MED-0663,ATV-007,2026-08-04T10:00:00,208.4,280.98,99.7,23.3,Medido
MED-0664,ATV-008,2026-08-04T10:00:00,17.61,179.45,73.93,23.7,Medido
MED-0665,ATV-001,2026-08-04T11:00:00,102.41,116.77,97.29,29.8,Medido
MED-0666,ATV-002,2026-08-04T11:00:00,41.92,158.69,71.22,27.7,Medido
MED-0667,ATV-003,2026-08-04T11:00:00,167.14,213.08,95.78,29.1,Medido
MED-0668,ATV-004,2026-08-04T11:00:00,26.68,148.98,70.65,31.1,Medido
MED-0669,ATV-005,2026-08-04T11:00:00,182.81,240.79,98.73,30.2,Medido
MED-0670,ATV-006,2026-08-04T11:00:00,91.03,126.79,99.44,28.4,Medido
MED-0671,ATV-007,2026-08-04T11:00:00,208.93,280.98,99.7,25.4,Medido
MED-0672,ATV-008,2026-08-04T11:00:00,18.03,179.45,73.93,25.8,Medido
MED-0673,ATV-001,2026-08-04T12:00:00,106.02,116.77,97.29,31.4,Medido
MED-0674,ATV-002,2026-08-04T12:00:00,40.28,158.69,71.22,29.3,Medido
MED-0675,ATV-003,2026-08-04T12:00:00,167.52,213.08,95.78,30.6,Medido
MED-0676,ATV-004,2026-08-04T12:00:00,24.93,148.98,70.65,32.7,Medido
MED-0677,ATV-005,2026-08-04T12:00:00,183.23,240.79,98.73,31.7,Medido
MED-0678,ATV-006,2026-08-04T12:00:00,94.24,126.79,99.44,30.0,Medido
MED-0679,ATV-007,2026-08-04T12:00:00,209.41,280.98,99.7,27.0,Medido
MED-0680,ATV-008,2026-08-04T12:00:00,18.72,179.45,73.93,27.4,Medido
MED-0681,ATV-001,2026-08-04T13:00:00,102.41,116.77,97.29,32.4,Medido
MED-0682,ATV-002,2026-08-04T13:00:00,38.49,158.69,71.22,30.3,Medido
MED-0683,ATV-003,2026-08-04T13:00:00,167.86,213.08,95.78,31.6,Medido
MED-0684,ATV-004,2026-08-04T13:00:00,23.26,148.98,70.65,33.7,Medido
MED-0685,ATV-005,2026-08-04T13:00:00,183.59,240.79,98.73,32.7,Medido
MED-0686,ATV-006,2026-08-04T13:00:00,91.03,126.79,99.44,31.0,Medido
MED-0687,ATV-007,2026-08-04T13:00:00,209.82,280.98,99.7,28.0,Medido
MED-0688,ATV-008,2026-08-04T13:00:00,19.66,179.45,73.93,28.4,Medido
MED-0689,ATV-001,2026-08-04T14:00:00,91.82,116.77,97.29,32.7,Medido
MED-0690,ATV-002,2026-08-04T14:00:00,36.57,158.69,71.22,30.6,Medido
MED-0691,ATV-003,2026-08-04T14:00:00,168.14,213.08,95.78,32.0,Medido
MED-0692,ATV-004,2026-08-04T14:00:00,21.69,148.98,70.65,34.0,Medido
MED-0693,ATV-005,2026-08-04T14:00:00,183.91,240.79,98.73,33.1,Medido
MED-0694,ATV-006,2026-08-04T14:00:00,81.61,126.79,99.44,31.3,Medido
MED-0695,ATV-007,2026-08-04T14:00:00,210.18,280.98,99.7,28.3,Medido
MED-0696,ATV-008,2026-08-04T14:00:00,20.84,179.45,73.93,28.7,Medido
MED-0697,ATV-001,2026-08-04T15:00:00,74.97,116.77,97.29,32.4,Medido
MED-0698,ATV-002,2026-08-04T15:00:00,34.57,158.69,71.22,30.3,Medido
MED-0699,ATV-003,2026-08-04T15:00:00,168.38,213.08,95.78,31.6,Medido
MED-0700,ATV-004,2026-08-04T15:00:00,20.26,148.98,70.65,33.7,Medido
MED-0701,ATV-005,2026-08-04T15:00:00,184.16,240.79,98.73,32.7,Medido
MED-0702,ATV-006,2026-08-04T15:00:00,66.64,126.79,99.44,31.0,Medido
MED-0703,ATV-007,2026-08-04T15:00:00,210.47,280.98,99.7,28.0,Medido
MED-0704,ATV-008,2026-08-04T15:00:00,22.23,179.45,73.93,28.4,Estimado
MED-0705,ATV-001,2026-08-04T16:00:00,53.01,116.77,97.29,31.4,Medido
MED-0706,ATV-002,2026-08-04T16:00:00,32.53,158.69,71.22,29.3,Medido
MED-0707,ATV-003,2026-08-04T16:00:00,168.56,213.08,95.78,30.6,Medido
MED-0708,ATV-004,2026-08-04T16:00:00,19.0,148.98,70.65,32.7,Medido
MED-0709,ATV-005,2026-08-04T16:00:00,184.36,240.79,98.73,31.7,Medido
MED-0710,ATV-006,2026-08-04T16:00:00,47.12,126.79,99.44,30.0,Medido
MED-0711,ATV-007,2026-08-04T16:00:00,210.7,280.98,99.7,27.0,Estimado
MED-0712,ATV-008,2026-08-04T16:00:00,23.8,179.45,73.93,27.4,Medido
MED-0713,ATV-001,2026-08-04T17:00:00,27.44,116.77,97.29,29.8,Medido
MED-0714,ATV-002,2026-08-04T17:00:00,30.49,158.69,71.22,27.7,Medido
MED-0715,ATV-003,2026-08-04T17:00:00,168.69,213.08,95.78,29.1,Medido
MED-0716,ATV-004,2026-08-04T17:00:00,17.93,148.98,70.65,31.1,Medido
MED-0717,ATV-005,2026-08-04T17:00:00,184.5,240.79,98.73,30.2,Medido
MED-0718,ATV-006,2026-08-04T17:00:00,24.39,126.79,99.44,28.4,Estimado
MED-0719,ATV-007,2026-08-04T17:00:00,210.86,280.98,99.7,25.4,Medido
MED-0720,ATV-008,2026-08-04T17:00:00,25.52,179.45,73.93,25.8,Medido
MED-0721,ATV-001,2026-08-04T18:00:00,3.6,116.77,97.29,27.7,Medido
MED-0722,ATV-002,2026-08-04T18:00:00,28.5,158.69,71.22,25.6,Medido
MED-0723,ATV-003,2026-08-04T18:00:00,168.76,213.08,95.78,27.0,Medido
MED-0724,ATV-004,2026-08-04T18:00:00,17.07,148.98,70.65,29.0,Medido
MED-0725,ATV-005,2026-08-04T18:00:00,184.58,240.79,98.73,28.1,Estimado
MED-0726,ATV-006,2026-08-04T18:00:00,3.2,126.79,99.44,26.3,Medido
MED-0727,ATV-007,2026-08-04T18:00:00,210.95,280.98,99.7,23.3,Medido
MED-0728,ATV-008,2026-08-04T18:00:00,27.36,179.45,73.93,23.7,Medido
MED-0729,ATV-001,2026-08-04T19:00:00,3.6,116.77,97.29,25.3,Medido
MED-0730,ATV-002,2026-08-04T19:00:00,26.58,158.69,71.22,23.2,Medido
MED-0731,ATV-003,2026-08-04T19:00:00,168.78,213.08,95.78,24.6,Medido
MED-0732,ATV-004,2026-08-04T19:00:00,16.45,148.98,70.65,26.6,Estimado
MED-0733,ATV-005,2026-08-04T19:00:00,184.6,240.79,98.73,25.7,Medido
MED-0734,ATV-006,2026-08-04T19:00:00,3.2,126.79,99.44,23.9,Medido
MED-0735,ATV-007,2026-08-04T19:00:00,210.98,280.98,99.7,20.9,Medido
MED-0736,ATV-008,2026-08-04T19:00:00,29.27,179.45,73.93,21.3,Medido
MED-0737,ATV-001,2026-08-04T20:00:00,3.6,116.77,97.29,22.7,Medido
MED-0738,ATV-002,2026-08-04T20:00:00,24.79,158.69,71.22,20.6,Medido
MED-0739,ATV-003,2026-08-04T20:00:00,168.75,213.08,95.78,22.0,Estimado
MED-0740,ATV-004,2026-08-04T20:00:00,16.07,148.98,70.65,24.0,Medido
MED-0741,ATV-005,2026-08-04T20:00:00,184.57,240.79,98.73,23.1,Medido
MED-0742,ATV-006,2026-08-04T20:00:00,3.2,126.79,99.44,21.3,Medido
MED-0743,ATV-007,2026-08-04T20:00:00,210.93,280.98,99.7,18.3,Medido
MED-0744,ATV-008,2026-08-04T20:00:00,31.23,179.45,73.93,18.7,Medido
MED-0745,ATV-001,2026-08-04T21:00:00,3.6,116.77,97.29,20.1,Medido
MED-0746,ATV-002,2026-08-04T21:00:00,23.15,158.69,71.22,18.0,Estimado
MED-0747,ATV-003,2026-08-04T21:00:00,168.66,213.08,95.78,19.4,Medido
MED-0748,ATV-004,2026-08-04T21:00:00,15.95,148.98,70.65,21.4,Medido
MED-0749,ATV-005,2026-08-04T21:00:00,184.47,240.79,98.73,20.5,Medido
MED-0750,ATV-006,2026-08-04T21:00:00,3.2,126.79,99.44,18.7,Medido
MED-0751,ATV-007,2026-08-04T21:00:00,210.82,280.98,99.7,15.7,Medido
MED-0752,ATV-008,2026-08-04T21:00:00,33.18,179.45,73.93,16.2,Medido
MED-0753,ATV-001,2026-08-04T22:00:00,3.6,96.18,97.29,17.7,Estimado
MED-0754,ATV-002,2026-08-04T22:00:00,21.71,131.25,71.22,15.6,Medido
MED-0755,ATV-003,2026-08-04T22:00:00,168.51,176.49,95.78,17.0,Medido
MED-0756,ATV-004,2026-08-04T22:00:00,16.08,124.96,70.65,19.0,Medido
MED-0757,ATV-005,2026-08-04T22:00:00,184.31,200.77,98.73,18.1,Medido
MED-0758,ATV-006,2026-08-04T22:00:00,3.2,108.5,99.44,16.3,Medido
MED-0759,ATV-007,2026-08-04T22:00:00,210.64,235.24,99.7,13.3,Medido
MED-0760,ATV-008,2026-08-04T22:00:00,35.1,153.15,73.93,13.7,Medido
MED-0761,ATV-001,2026-08-04T23:00:00,3.6,96.18,97.29,15.6,Medido
MED-0762,ATV-002,2026-08-04T23:00:00,20.49,131.25,71.22,13.5,Medido
MED-0763,ATV-003,2026-08-04T23:00:00,168.31,176.49,95.78,14.9,Medido
MED-0764,ATV-004,2026-08-04T23:00:00,16.46,124.96,70.65,16.9,Medido
MED-0765,ATV-005,2026-08-04T23:00:00,184.09,200.77,98.73,16.0,Medido
MED-0766,ATV-006,2026-08-04T23:00:00,3.2,108.5,99.44,14.3,Medido
MED-0767,ATV-007,2026-08-04T23:00:00,210.39,235.24,99.7,11.2,Medido
MED-0768,ATV-008,2026-08-04T23:00:00,36.93,153.15,73.93,11.7,Medido
MED-0769,ATV-001,2026-08-05T00:00:00,3.6,102.13,96.45,14.0,Medido
MED-0770,ATV-002,2026-08-05T00:00:00,33.58,139.17,70.32,11.9,Medido
MED-0771,ATV-003,2026-08-05T00:00:00,127.36,187.06,95.66,13.3,Medido
MED-0772,ATV-004,2026-08-05T00:00:00,31.65,131.9,71.41,15.3,Medido
MED-0773,ATV-005,2026-08-05T00:00:00,139.3,212.33,99.67,14.4,Medido
MED-0774,ATV-006,2026-08-05T00:00:00,3.2,113.78,99.7,12.7,Medido
MED-0775,ATV-007,2026-08-05T00:00:00,159.2,248.45,99.7,9.6,Medido
MED-0776,ATV-008,2026-08-05T00:00:00,21.14,160.74,72.96,10.1,Medido
MED-0777,ATV-001,2026-08-05T01:00:00,3.6,102.13,96.45,13.1,Medido
MED-0778,ATV-002,2026-08-05T01:00:00,34.53,139.17,70.32,10.9,Medido
MED-0779,ATV-003,2026-08-05T01:00:00,127.87,187.06,95.66,12.3,Medido
MED-0780,ATV-004,2026-08-05T01:00:00,31.36,131.9,71.41,14.3,Medido
MED-0781,ATV-005,2026-08-05T01:00:00,139.86,212.33,99.67,13.4,Medido
MED-0782,ATV-006,2026-08-05T01:00:00,3.2,113.78,99.7,11.7,Medido
MED-0783,ATV-007,2026-08-05T01:00:00,159.84,248.45,99.7,8.6,Medido
MED-0784,ATV-008,2026-08-05T01:00:00,19.72,160.74,72.96,9.1,Medido
MED-0785,ATV-001,2026-08-05T02:00:00,3.6,102.13,96.45,12.7,Medido
MED-0786,ATV-002,2026-08-05T02:00:00,35.29,139.17,70.32,10.6,Medido
MED-0787,ATV-003,2026-08-05T02:00:00,128.38,187.06,95.66,12.0,Medido
MED-0788,ATV-004,2026-08-05T02:00:00,30.87,131.9,71.41,14.0,Medido
MED-0789,ATV-005,2026-08-05T02:00:00,140.42,212.33,99.67,13.1,Medido
MED-0790,ATV-006,2026-08-05T02:00:00,3.2,113.78,99.7,11.3,Medido
MED-0791,ATV-007,2026-08-05T02:00:00,160.48,248.45,99.7,8.3,Medido
MED-0792,ATV-008,2026-08-05T02:00:00,18.39,160.74,72.96,8.7,Medido
MED-0793,ATV-001,2026-08-05T03:00:00,3.6,102.13,96.45,13.1,Medido
MED-0794,ATV-002,2026-08-05T03:00:00,35.84,139.17,70.32,10.9,Medido
MED-0795,ATV-003,2026-08-05T03:00:00,128.88,187.06,95.66,12.3,Medido
MED-0796,ATV-004,2026-08-05T03:00:00,30.21,131.9,71.41,14.3,Medido
MED-0797,ATV-005,2026-08-05T03:00:00,140.96,212.33,99.67,13.4,Medido
MED-0798,ATV-006,2026-08-05T03:00:00,3.2,113.78,99.7,11.7,Medido
MED-0799,ATV-007,2026-08-05T03:00:00,161.1,248.45,99.7,8.6,Medido
MED-0800,ATV-008,2026-08-05T03:00:00,17.18,160.74,72.96,9.1,Medido
MED-0801,ATV-001,2026-08-05T04:00:00,3.6,102.13,96.45,14.0,Medido
MED-0802,ATV-002,2026-08-05T04:00:00,36.18,139.17,70.32,11.9,Medido
MED-0803,ATV-003,2026-08-05T04:00:00,129.37,187.06,95.66,13.3,Medido
MED-0804,ATV-004,2026-08-05T04:00:00,29.38,131.9,71.41,15.3,Medido
MED-0805,ATV-005,2026-08-05T04:00:00,141.5,212.33,99.67,14.4,Medido
MED-0806,ATV-006,2026-08-05T04:00:00,3.2,113.78,99.7,12.7,Medido
MED-0807,ATV-007,2026-08-05T04:00:00,161.72,248.45,99.7,9.6,Medido
MED-0808,ATV-008,2026-08-05T04:00:00,16.11,160.74,72.96,10.1,Medido
MED-0809,ATV-001,2026-08-05T05:00:00,3.6,102.13,96.45,15.6,Medido
MED-0810,ATV-002,2026-08-05T05:00:00,36.29,139.17,70.32,13.5,Medido
MED-0811,ATV-003,2026-08-05T05:00:00,129.85,187.06,95.66,14.9,Medido
MED-0812,ATV-004,2026-08-05T05:00:00,28.4,131.9,71.41,16.9,Medido
MED-0813,ATV-005,2026-08-05T05:00:00,142.02,212.33,99.67,16.0,Medido
MED-0814,ATV-006,2026-08-05T05:00:00,3.2,113.78,99.7,14.3,Medido
MED-0815,ATV-007,2026-08-05T05:00:00,162.31,248.45,99.7,11.2,Medido
MED-0816,ATV-008,2026-08-05T05:00:00,15.2,160.74,72.96,11.7,Medido
MED-0817,ATV-001,2026-08-05T06:00:00,3.6,102.13,96.45,17.7,Medido
MED-0818,ATV-002,2026-08-05T06:00:00,36.17,139.17,70.32,15.6,Medido
MED-0819,ATV-003,2026-08-05T06:00:00,130.31,187.06,95.66,17.0,Medido
MED-0820,ATV-004,2026-08-05T06:00:00,27.29,131.9,71.41,19.0,Medido
MED-0821,ATV-005,2026-08-05T06:00:00,142.52,212.33,99.67,18.1,Medido
MED-0822,ATV-006,2026-08-05T06:00:00,3.2,113.78,99.7,16.3,Medido
MED-0823,ATV-007,2026-08-05T06:00:00,162.88,248.45,99.7,13.3,Medido
MED-0824,ATV-008,2026-08-05T06:00:00,14.48,160.74,72.96,13.7,Medido
MED-0825,ATV-001,2026-08-05T07:00:00,21.24,102.13,96.45,20.1,Medido
MED-0826,ATV-002,2026-08-05T07:00:00,35.84,139.17,70.32,18.0,Medido
MED-0827,ATV-003,2026-08-05T07:00:00,130.75,187.06,95.66,19.4,Medido
MED-0828,ATV-004,2026-08-05T07:00:00,26.07,131.9,71.41,21.4,Medido
MED-0829,ATV-005,2026-08-05T07:00:00,143.0,212.33,99.67,20.5,Medido
MED-0830,ATV-006,2026-08-05T07:00:00,18.88,113.78,99.7,18.7,Medido
MED-0831,ATV-007,2026-08-05T07:00:00,163.43,248.45,99.7,15.7,Medido
MED-0832,ATV-008,2026-08-05T07:00:00,13.95,160.74,72.96,16.2,Medido
MED-0833,ATV-001,2026-08-05T08:00:00,41.04,124.04,96.45,22.7,Medido
MED-0834,ATV-002,2026-08-05T08:00:00,35.28,168.39,70.32,20.6,Medido
MED-0835,ATV-003,2026-08-05T08:00:00,131.16,226.02,95.66,22.0,Medido
MED-0836,ATV-004,2026-08-05T08:00:00,24.77,157.47,71.41,24.0,Medido
MED-0837,ATV-005,2026-08-05T08:00:00,143.46,254.94,99.67,23.1,Medido
MED-0838,ATV-006,2026-08-05T08:00:00,36.48,133.26,99.7,21.3,Medido
MED-0839,ATV-007,2026-08-05T08:00:00,163.95,297.15,99.7,18.3,Medido
MED-0840,ATV-008,2026-08-05T08:00:00,13.63,188.75,72.96,18.7,Medido
MED-0841,ATV-001,2026-08-05T09:00:00,58.04,124.04,96.45,25.3,Medido
MED-0842,ATV-002,2026-08-05T09:00:00,34.52,168.39,70.32,23.2,Medido
MED-0843,ATV-003,2026-08-05T09:00:00,131.55,226.02,95.66,24.6,Medido
MED-0844,ATV-004,2026-08-05T09:00:00,23.42,157.47,71.41,26.6,Medido
MED-0845,ATV-005,2026-08-05T09:00:00,143.88,254.94,99.67,25.7,Medido
MED-0846,ATV-006,2026-08-05T09:00:00,51.59,133.26,99.7,23.9,Medido
MED-0847,ATV-007,2026-08-05T09:00:00,164.44,297.15,99.7,20.9,Medido
MED-0848,ATV-008,2026-08-05T09:00:00,13.52,188.75,72.96,21.3,Medido
MED-0849,ATV-001,2026-08-05T10:00:00,71.08,124.04,96.45,27.7,Medido
MED-0850,ATV-002,2026-08-05T10:00:00,33.57,168.39,70.32,25.6,Medido
MED-0851,ATV-003,2026-08-05T10:00:00,131.91,226.02,95.66,27.0,Medido
MED-0852,ATV-004,2026-08-05T10:00:00,22.04,157.47,71.41,29.0,Medido
MED-0853,ATV-005,2026-08-05T10:00:00,144.28,254.94,99.67,28.1,Medido
MED-0854,ATV-006,2026-08-05T10:00:00,63.19,133.26,99.7,26.3,Medido
MED-0855,ATV-007,2026-08-05T10:00:00,164.89,297.15,99.7,23.3,Medido
MED-0856,ATV-008,2026-08-05T10:00:00,13.64,188.75,72.96,23.7,Estimado
MED-0857,ATV-001,2026-08-05T11:00:00,79.28,124.04,96.45,29.8,Medido
MED-0858,ATV-002,2026-08-05T11:00:00,32.45,168.39,70.32,27.7,Medido
MED-0859,ATV-003,2026-08-05T11:00:00,132.24,226.02,95.66,29.1,Medido
MED-0860,ATV-004,2026-08-05T11:00:00,20.66,157.47,71.41,31.1,Medido
MED-0861,ATV-005,2026-08-05T11:00:00,144.63,254.94,99.67,30.2,Medido
MED-0862,ATV-006,2026-08-05T11:00:00,70.47,133.26,99.7,28.4,Medido
MED-0863,ATV-007,2026-08-05T11:00:00,165.3,297.15,99.7,25.4,Estimado
MED-0864,ATV-008,2026-08-05T11:00:00,13.96,188.75,72.96,25.8,Medido
MED-0865,ATV-001,2026-08-05T12:00:00,82.08,124.04,96.45,31.4,Medido
MED-0866,ATV-002,2026-08-05T12:00:00,31.18,168.39,70.32,29.3,Medido
MED-0867,ATV-003,2026-08-05T12:00:00,132.53,226.02,95.66,30.6,Medido
MED-0868,ATV-004,2026-08-05T12:00:00,19.3,157.47,71.41,32.7,Medido
MED-0869,ATV-005,2026-08-05T12:00:00,144.96,254.94,99.67,31.7,Medido
MED-0870,ATV-006,2026-08-05T12:00:00,72.96,133.26,99.7,30.0,Estimado
MED-0871,ATV-007,2026-08-05T12:00:00,165.66,297.15,99.7,27.0,Medido
MED-0872,ATV-008,2026-08-05T12:00:00,14.49,188.75,72.96,27.4,Medido
MED-0873,ATV-001,2026-08-05T13:00:00,79.28,124.04,96.45,32.4,Medido
MED-0874,ATV-002,2026-08-05T13:00:00,29.8,168.39,70.32,30.3,Medido
MED-0875,ATV-003,2026-08-05T13:00:00,132.79,226.02,95.66,31.6,Medido
MED-0876,ATV-004,2026-08-05T13:00:00,18.01,157.47,71.41,33.7,Medido
MED-0877,ATV-005,2026-08-05T13:00:00,145.24,254.94,99.67,32.7,Estimado
MED-0878,ATV-006,2026-08-05T13:00:00,70.47,133.26,99.7,31.0,Medido
MED-0879,ATV-007,2026-08-05T13:00:00,165.99,297.15,99.7,28.0,Medido
MED-0880,ATV-008,2026-08-05T13:00:00,15.22,188.75,72.96,28.4,Medido
MED-0881,ATV-001,2026-08-05T14:00:00,71.08,124.04,96.45,32.7,Medido
MED-0882,ATV-002,2026-08-05T14:00:00,28.31,168.39,70.32,30.6,Medido
MED-0883,ATV-003,2026-08-05T14:00:00,133.01,226.02,95.66,32.0,Medido
MED-0884,ATV-004,2026-08-05T14:00:00,16.79,157.47,71.41,34.0,Estimado
MED-0885,ATV-005,2026-08-05T14:00:00,145.48,254.94,99.67,33.1,Medido
MED-0886,ATV-006,2026-08-05T14:00:00,63.19,133.26,99.7,31.3,Medido
MED-0887,ATV-007,2026-08-05T14:00:00,166.26,297.15,99.7,28.3,Medido
MED-0888,ATV-008,2026-08-05T14:00:00,16.13,188.75,72.96,28.7,Medido
MED-0889,ATV-001,2026-08-05T15:00:00,58.04,124.04,96.45,32.4,Medido
MED-0890,ATV-002,2026-08-05T15:00:00,26.76,168.39,70.32,30.3,Medido
MED-0891,ATV-003,2026-08-05T15:00:00,133.19,226.02,95.66,31.6,Estimado
MED-0892,ATV-004,2026-08-05T15:00:00,15.69,157.47,71.41,33.7,Medido
MED-0893,ATV-005,2026-08-05T15:00:00,145.68,254.94,99.67,32.7,Medido
MED-0894,ATV-006,2026-08-05T15:00:00,51.59,133.26,99.7,31.0,Medido
MED-0895,ATV-007,2026-08-05T15:00:00,166.49,297.15,99.7,28.0,Medido
MED-0896,ATV-008,2026-08-05T15:00:00,17.21,188.75,72.96,28.4,Medido
MED-0897,ATV-001,2026-08-05T16:00:00,41.04,124.04,96.45,31.4,Medido
MED-0898,ATV-002,2026-08-05T16:00:00,25.19,168.39,70.32,29.3,Estimado
MED-0899,ATV-003,2026-08-05T16:00:00,133.33,226.02,95.66,30.6,Medido
MED-0900,ATV-004,2026-08-05T16:00:00,14.71,157.47,71.41,32.7,Medido
MED-0901,ATV-005,2026-08-05T16:00:00,145.83,254.94,99.67,31.7,Medido
MED-0902,ATV-006,2026-08-05T16:00:00,36.48,133.26,99.7,30.0,Medido
MED-0903,ATV-007,2026-08-05T16:00:00,166.67,297.15,99.7,27.0,Medido
MED-0904,ATV-008,2026-08-05T16:00:00,18.43,188.75,72.96,27.4,Medido
MED-0905,ATV-001,2026-08-05T17:00:00,21.24,124.04,96.45,29.8,Estimado
MED-0906,ATV-002,2026-08-05T17:00:00,23.61,168.39,70.32,27.7,Medido
MED-0907,ATV-003,2026-08-05T17:00:00,133.43,226.02,95.66,29.1,Medido
MED-0908,ATV-004,2026-08-05T17:00:00,13.88,157.47,71.41,31.1,Medido
MED-0909,ATV-005,2026-08-05T17:00:00,145.94,254.94,99.67,30.2,Medido
MED-0910,ATV-006,2026-08-05T17:00:00,18.88,133.26,99.7,28.4,Medido
MED-0911,ATV-007,2026-08-05T17:00:00,166.79,297.15,99.7,25.4,Medido
MED-0912,ATV-008,2026-08-05T17:00:00,19.76,188.75,72.96,25.8,Medido
MED-0913,ATV-001,2026-08-05T18:00:00,3.6,124.04,96.45,27.7,Medido
MED-0914,ATV-002,2026-08-05T18:00:00,22.06,168.39,70.32,25.6,Medido
MED-0915,ATV-003,2026-08-05T18:00:00,133.49,226.02,95.66,27.0,Medido
MED-0916,ATV-004,2026-08-05T18:00:00,13.22,157.47,71.41,29.0,Medido
MED-0917,ATV-005,2026-08-05T18:00:00,146.01,254.94,99.67,28.1,Medido
MED-0918,ATV-006,2026-08-05T18:00:00,3.2,133.26,99.7,26.3,Medido
MED-0919,ATV-007,2026-08-05T18:00:00,166.86,297.15,99.7,23.3,Medido
MED-0920,ATV-008,2026-08-05T18:00:00,21.18,188.75,72.96,23.7,Medido
MED-0921,ATV-001,2026-08-05T19:00:00,3.6,124.04,96.45,25.3,Medido
MED-0922,ATV-002,2026-08-05T19:00:00,20.58,168.39,70.32,23.2,Medido
MED-0923,ATV-003,2026-08-05T19:00:00,133.51,226.02,95.66,24.6,Medido
MED-0924,ATV-004,2026-08-05T19:00:00,12.74,157.47,71.41,26.6,Medido
MED-0925,ATV-005,2026-08-05T19:00:00,146.02,254.94,99.67,25.7,Medido
MED-0926,ATV-006,2026-08-05T19:00:00,3.2,133.26,99.7,23.9,Medido
MED-0927,ATV-007,2026-08-05T19:00:00,166.88,297.15,99.7,20.9,Medido
MED-0928,ATV-008,2026-08-05T19:00:00,22.66,188.75,72.96,21.3,Medido
MED-0929,ATV-001,2026-08-05T20:00:00,3.6,124.04,96.45,22.7,Medido
MED-0930,ATV-002,2026-08-05T20:00:00,19.19,168.39,70.32,20.6,Medido
MED-0931,ATV-003,2026-08-05T20:00:00,133.48,226.02,95.66,22.0,Medido
MED-0932,ATV-004,2026-08-05T20:00:00,12.44,157.47,71.41,24.0,Medido
MED-0933,ATV-005,2026-08-05T20:00:00,145.99,254.94,99.67,23.1,Medido
MED-0934,ATV-006,2026-08-05T20:00:00,3.2,133.26,99.7,21.3,Medido
MED-0935,ATV-007,2026-08-05T20:00:00,166.85,297.15,99.7,18.3,Medido
MED-0936,ATV-008,2026-08-05T20:00:00,24.18,188.75,72.96,18.7,Medido
MED-0937,ATV-001,2026-08-05T21:00:00,3.6,124.04,96.45,20.1,Medido
MED-0938,ATV-002,2026-08-05T21:00:00,17.93,168.39,70.32,18.0,Medido
MED-0939,ATV-003,2026-08-05T21:00:00,133.41,226.02,95.66,19.4,Medido
MED-0940,ATV-004,2026-08-05T21:00:00,12.35,157.47,71.41,21.4,Medido
MED-0941,ATV-005,2026-08-05T21:00:00,145.91,254.94,99.67,20.5,Medido
MED-0942,ATV-006,2026-08-05T21:00:00,3.2,133.26,99.7,18.7,Medido
MED-0943,ATV-007,2026-08-05T21:00:00,166.76,297.15,99.7,15.7,Medido
MED-0944,ATV-008,2026-08-05T21:00:00,25.69,188.75,72.96,16.2,Medido
MED-0945,ATV-001,2026-08-05T22:00:00,3.6,102.13,96.45,17.7,Medido
MED-0946,ATV-002,2026-08-05T22:00:00,16.81,139.17,70.32,15.6,Medido
MED-0947,ATV-003,2026-08-05T22:00:00,133.3,187.06,95.66,17.0,Medido
MED-0948,ATV-004,2026-08-05T22:00:00,12.45,131.9,71.41,19.0,Medido
MED-0949,ATV-005,2026-08-05T22:00:00,145.79,212.33,99.67,18.1,Medido
MED-0950,ATV-006,2026-08-05T22:00:00,3.2,113.78,99.7,16.3,Medido
MED-0951,ATV-007,2026-08-05T22:00:00,166.62,248.45,99.7,13.3,Medido
MED-0952,ATV-008,2026-08-05T22:00:00,27.17,160.74,72.96,13.7,Medido
MED-0953,ATV-001,2026-08-05T23:00:00,3.6,102.13,96.45,15.6,Medido
MED-0954,ATV-002,2026-08-05T23:00:00,15.86,139.17,70.32,13.5,Medido
MED-0955,ATV-003,2026-08-05T23:00:00,133.14,187.06,95.66,14.9,Medido
MED-0956,ATV-004,2026-08-05T23:00:00,12.75,131.9,71.41,16.9,Medido
MED-0957,ATV-005,2026-08-05T23:00:00,145.62,212.33,99.67,16.0,Medido
MED-0958,ATV-006,2026-08-05T23:00:00,3.2,113.78,99.7,14.3,Medido
MED-0959,ATV-007,2026-08-05T23:00:00,166.43,248.45,99.7,11.2,Medido
MED-0960,ATV-008,2026-08-05T23:00:00,28.59,160.74,72.96,11.7,Medido
MED-0961,ATV-001,2026-08-06T00:00:00,3.6,97.88,95.46,14.0,Medido
MED-0962,ATV-002,2026-08-06T00:00:00,141.93,133.51,80.71,11.9,Medido
MED-0963,ATV-003,2026-08-06T00:00:00,190.57,179.51,95.99,13.3,Medido
MED-0964,ATV-004,2026-08-06T00:00:00,133.77,126.95,83.38,15.3,Medido
MED-0965,ATV-005,2026-08-06T00:00:00,114.64,204.08,86.39,14.4,Medido
MED-0966,ATV-006,2026-08-06T00:00:00,3.2,110.01,99.51,12.7,Medido
MED-0967,ATV-007,2026-08-06T00:00:00,238.22,239.02,99.58,9.6,Medido
MED-0968,ATV-008,2026-08-06T00:00:00,89.35,155.32,83.15,10.1,Medido
MED-0969,ATV-001,2026-08-06T01:00:00,3.6,97.88,95.46,13.1,Medido
MED-0970,ATV-002,2026-08-06T01:00:00,145.93,133.51,80.71,10.9,Medido
MED-0971,ATV-003,2026-08-06T01:00:00,191.33,179.51,95.99,12.3,Medido
MED-0972,ATV-004,2026-08-06T01:00:00,132.52,126.95,83.38,14.3,Medido
MED-0973,ATV-005,2026-08-06T01:00:00,115.1,204.08,86.39,13.4,Medido
MED-0974,ATV-006,2026-08-06T01:00:00,3.2,110.01,99.51,11.7,Medido
MED-0975,ATV-007,2026-08-06T01:00:00,239.16,239.02,99.58,8.6,Medido
MED-0976,ATV-008,2026-08-06T01:00:00,83.35,155.32,83.15,9.1,Medido
MED-0977,ATV-001,2026-08-06T02:00:00,3.6,97.88,95.46,12.7,Medido
MED-0978,ATV-002,2026-08-06T02:00:00,149.13,133.51,80.71,10.6,Medido
MED-0979,ATV-003,2026-08-06T02:00:00,192.08,179.51,95.99,12.0,Medido
MED-0980,ATV-004,2026-08-06T02:00:00,130.47,126.95,83.38,14.0,Medido
MED-0981,ATV-005,2026-08-06T02:00:00,115.55,204.08,86.39,13.1,Medido
MED-0982,ATV-006,2026-08-06T02:00:00,3.2,110.01,99.51,11.3,Medido
MED-0983,ATV-007,2026-08-06T02:00:00,240.1,239.02,99.58,8.3,Medido
MED-0984,ATV-008,2026-08-06T02:00:00,77.73,155.32,83.15,8.7,Medido
MED-0985,ATV-001,2026-08-06T03:00:00,3.6,97.88,95.46,13.1,Medido
MED-0986,ATV-002,2026-08-06T03:00:00,151.47,133.51,80.71,10.9,Medido
MED-0987,ATV-003,2026-08-06T03:00:00,192.82,179.51,95.99,12.3,Medido
MED-0988,ATV-004,2026-08-06T03:00:00,127.66,126.95,83.38,14.3,Medido
MED-0989,ATV-005,2026-08-06T03:00:00,115.99,204.08,86.39,13.4,Medido
MED-0990,ATV-006,2026-08-06T03:00:00,3.2,110.01,99.51,11.7,Medido
MED-0991,ATV-007,2026-08-06T03:00:00,241.03,239.02,99.58,8.6,Medido
MED-0992,ATV-008,2026-08-06T03:00:00,72.6,155.32,83.15,9.1,Medido
MED-0993,ATV-001,2026-08-06T04:00:00,3.6,97.88,95.46,14.0,Medido
MED-0994,ATV-002,2026-08-06T04:00:00,152.89,133.51,80.71,11.9,Medido
MED-0995,ATV-003,2026-08-06T04:00:00,193.55,179.51,95.99,13.3,Medido
MED-0996,ATV-004,2026-08-06T04:00:00,124.15,126.95,83.38,15.3,Medido
MED-0997,ATV-005,2026-08-06T04:00:00,116.43,204.08,86.39,14.4,Medido
MED-0998,ATV-006,2026-08-06T04:00:00,3.2,110.01,99.51,12.7,Medido
MED-0999,ATV-007,2026-08-06T04:00:00,241.93,239.02,99.58,9.6,Medido
MED-1000,ATV-008,2026-08-06T04:00:00,68.08,155.32,83.15,10.1,Medido
MED-1001,ATV-001,2026-08-06T05:00:00,3.6,97.88,95.46,15.6,Medido
MED-1002,ATV-002,2026-08-06T05:00:00,153.36,133.51,80.71,13.5,Medido
MED-1003,ATV-003,2026-08-06T05:00:00,194.25,179.51,95.99,14.9,Medido
MED-1004,ATV-004,2026-08-06T05:00:00,120.01,126.95,83.38,16.9,Medido
MED-1005,ATV-005,2026-08-06T05:00:00,116.85,204.08,86.39,16.0,Medido
MED-1006,ATV-006,2026-08-06T05:00:00,3.2,110.01,99.51,14.3,Medido
MED-1007,ATV-007,2026-08-06T05:00:00,242.81,239.02,99.58,11.2,Medido
MED-1008,ATV-008,2026-08-06T05:00:00,64.24,155.32,83.15,11.7,Estimado
MED-1009,ATV-001,2026-08-06T06:00:00,3.6,97.88,95.46,17.7,Medido
MED-1010,ATV-002,2026-08-06T06:00:00,152.88,133.51,80.71,15.6,Medido
MED-1011,ATV-003,2026-08-06T06:00:00,194.93,179.51,95.99,17.0,Medido
MED-1012,ATV-004,2026-08-06T06:00:00,115.32,126.95,83.38,19.0,Medido
MED-1013,ATV-005,2026-08-06T06:00:00,117.26,204.08,86.39,18.1,Medido
MED-1014,ATV-006,2026-08-06T06:00:00,3.2,110.01,99.51,16.3,Medido
MED-1015,ATV-007,2026-08-06T06:00:00,243.66,239.02,99.58,13.3,Estimado
MED-1016,ATV-008,2026-08-06T06:00:00,61.18,155.32,83.15,13.7,Medido
MED-1017,ATV-001,2026-08-06T07:00:00,31.42,97.88,95.46,20.1,Medido
MED-1018,ATV-002,2026-08-06T07:00:00,151.45,133.51,80.71,18.0,Medido
MED-1019,ATV-003,2026-08-06T07:00:00,195.58,179.51,95.99,19.4,Medido
MED-1020,ATV-004,2026-08-06T07:00:00,110.18,126.95,83.38,21.4,Medido
MED-1021,ATV-005,2026-08-06T07:00:00,117.65,204.08,86.39,20.5,Medido
MED-1022,ATV-006,2026-08-06T07:00:00,27.93,110.01,99.51,18.7,Estimado
MED-1023,ATV-007,2026-08-06T07:00:00,244.47,239.02,99.58,15.7,Medido
MED-1024,ATV-008,2026-08-06T07:00:00,58.95,155.32,83.15,16.2,Medido
MED-1025,ATV-001,2026-08-06T08:00:00,60.7,118.84,95.46,22.7,Medido
MED-1026,ATV-002,2026-08-06T08:00:00,149.11,161.46,80.71,20.6,Medido
MED-1027,ATV-003,2026-08-06T08:00:00,196.19,216.78,95.99,22.0,Medido
MED-1028,ATV-004,2026-08-06T08:00:00,104.69,151.4,83.38,24.0,Medido
MED-1029,ATV-005,2026-08-06T08:00:00,118.02,244.84,86.39,23.1,Estimado
MED-1030,ATV-006,2026-08-06T08:00:00,53.96,128.64,99.51,21.3,Medido
MED-1031,ATV-007,2026-08-06T08:00:00,245.24,285.6,99.58,18.3,Medido
MED-1032,ATV-008,2026-08-06T08:00:00,57.6,182.11,83.15,18.7,Medido
MED-1033,ATV-001,2026-08-06T09:00:00,85.85,118.84,95.46,25.3,Medido
MED-1034,ATV-002,2026-08-06T09:00:00,145.9,161.46,80.71,23.2,Medido
MED-1035,ATV-003,2026-08-06T09:00:00,196.77,216.78,95.99,24.6,Medido
MED-1036,ATV-004,2026-08-06T09:00:00,98.97,151.4,83.38,26.6,Estimado
MED-1037,ATV-005,2026-08-06T09:00:00,118.37,244.84,86.39,25.7,Medido
MED-1038,ATV-006,2026-08-06T09:00:00,76.31,128.64,99.51,23.9,Medido
MED-1039,ATV-007,2026-08-06T09:00:00,245.96,285.6,99.58,20.9,Medido
MED-1040,ATV-008,2026-08-06T09:00:00,57.16,182.11,83.15,21.3,Medido
MED-1041,ATV-001,2026-08-06T10:00:00,105.14,118.84,95.46,27.7,Medido
MED-1042,ATV-002,2026-08-06T10:00:00,141.89,161.46,80.71,25.6,Medido
MED-1043,ATV-003,2026-08-06T10:00:00,197.3,216.78,95.99,27.0,Estimado
MED-1044,ATV-004,2026-08-06T10:00:00,93.14,151.4,83.38,29.0,Medido
MED-1045,ATV-005,2026-08-06T10:00:00,118.69,244.84,86.39,28.1,Medido
MED-1046,ATV-006,2026-08-06T10:00:00,93.46,128.64,99.51,26.3,Medido
MED-1047,ATV-007,2026-08-06T10:00:00,246.62,285.6,99.58,23.3,Medido
MED-1048,ATV-008,2026-08-06T10:00:00,57.62,182.11,83.15,23.7,Medido
MED-1049,ATV-001,2026-08-06T11:00:00,117.27,118.84,95.46,29.8,Medido
MED-1050,ATV-002,2026-08-06T11:00:00,137.15,161.46,80.71,27.7,Estimado
MED-1051,ATV-003,2026-08-06T11:00:00,197.78,216.78,95.99,29.1,Medido
MED-1052,ATV-004,2026-08-06T11:00:00,87.3,151.4,83.38,31.1,Medido
MED-1053,ATV-005,2026-08-06T11:00:00,118.98,244.84,86.39,30.2,Medido
MED-1054,ATV-006,2026-08-06T11:00:00,104.24,128.64,99.51,28.4,Medido
MED-1055,ATV-007,2026-08-06T11:00:00,247.23,285.6,99.58,25.4,Medido
MED-1056,ATV-008,2026-08-06T11:00:00,59.0,182.11,83.15,25.8,Medido
MED-1057,ATV-001,2026-08-06T12:00:00,121.41,118.84,95.46,31.4,Estimado
MED-1058,ATV-002,2026-08-06T12:00:00,131.79,161.46,80.71,29.3,Medido
MED-1059,ATV-003,2026-08-06T12:00:00,198.22,216.78,95.99,30.6,Medido
MED-1060,ATV-004,2026-08-06T12:00:00,81.58,151.4,83.38,32.7,Medido
MED-1061,ATV-005,2026-08-06T12:00:00,119.24,244.84,86.39,31.7,Medido
MED-1062,ATV-006,2026-08-06T12:00:00,107.92,128.64,99.51,30.0,Medido
MED-1063,ATV-007,2026-08-06T12:00:00,247.78,285.6,99.58,27.0,Medido
MED-1064,ATV-008,2026-08-06T12:00:00,61.25,182.11,83.15,27.4,Medido
MED-1065,ATV-001,2026-08-06T13:00:00,117.27,118.84,95.46,32.4,Medido
MED-1066,ATV-002,2026-08-06T13:00:00,125.92,161.46,80.71,30.3,Medido
MED-1067,ATV-003,2026-08-06T13:00:00,198.6,216.78,95.99,31.6,Medido
MED-1068,ATV-004,2026-08-06T13:00:00,76.1,151.4,83.38,33.7,Medido
MED-1069,ATV-005,2026-08-06T13:00:00,119.47,244.84,86.39,32.7,Medido
MED-1070,ATV-006,2026-08-06T13:00:00,104.24,128.64,99.51,31.0,Medido
MED-1071,ATV-007,2026-08-06T13:00:00,248.25,285.6,99.58,28.0,Medido
MED-1072,ATV-008,2026-08-06T13:00:00,64.34,182.11,83.15,28.4,Medido
MED-1073,ATV-001,2026-08-06T14:00:00,105.14,118.84,95.46,32.7,Medido
MED-1074,ATV-002,2026-08-06T14:00:00,119.65,161.46,80.71,30.6,Medido
MED-1075,ATV-003,2026-08-06T14:00:00,198.93,216.78,95.99,32.0,Medido
MED-1076,ATV-004,2026-08-06T14:00:00,70.97,151.4,83.38,34.0,Medido
MED-1077,ATV-005,2026-08-06T14:00:00,119.67,244.84,86.39,33.1,Medido
MED-1078,ATV-006,2026-08-06T14:00:00,93.46,128.64,99.51,31.3,Medido
MED-1079,ATV-007,2026-08-06T14:00:00,248.66,285.6,99.58,28.3,Medido
MED-1080,ATV-008,2026-08-06T14:00:00,68.19,182.11,83.15,28.7,Medido
MED-1081,ATV-001,2026-08-06T15:00:00,85.85,118.84,95.46,32.4,Medido
MED-1082,ATV-002,2026-08-06T15:00:00,113.11,161.46,80.71,30.3,Medido
MED-1083,ATV-003,2026-08-06T15:00:00,199.2,216.78,95.99,31.6,Medido
MED-1084,ATV-004,2026-08-06T15:00:00,66.29,151.4,83.38,33.7,Medido
MED-1085,ATV-005,2026-08-06T15:00:00,119.83,244.84,86.39,32.7,Medido
MED-1086,ATV-006,2026-08-06T15:00:00,76.31,128.64,99.51,31.0,Medido
MED-1087,ATV-007,2026-08-06T15:00:00,249.0,285.6,99.58,28.0,Medido
MED-1088,ATV-008,2026-08-06T15:00:00,72.73,182.11,83.15,28.4,Medido
MED-1089,ATV-001,2026-08-06T16:00:00,60.7,118.84,95.46,31.4,Medido
MED-1090,ATV-002,2026-08-06T16:00:00,106.44,161.46,80.71,29.3,Medido
MED-1091,ATV-003,2026-08-06T16:00:00,199.41,216.78,95.99,30.6,Medido
MED-1092,ATV-004,2026-08-06T16:00:00,62.16,151.4,83.38,32.7,Medido
MED-1093,ATV-005,2026-08-06T16:00:00,119.95,244.84,86.39,31.7,Medido
MED-1094,ATV-006,2026-08-06T16:00:00,53.96,128.64,99.51,30.0,Medido
MED-1095,ATV-007,2026-08-06T16:00:00,249.26,285.6,99.58,27.0,Medido
MED-1096,ATV-008,2026-08-06T16:00:00,77.87,182.11,83.15,27.4,Medido
MED-1097,ATV-001,2026-08-06T17:00:00,31.42,118.84,95.46,29.8,Medido
MED-1098,ATV-002,2026-08-06T17:00:00,99.77,161.46,80.71,27.7,Medido
MED-1099,ATV-003,2026-08-06T17:00:00,199.55,216.78,95.99,29.1,Medido
MED-1100,ATV-004,2026-08-06T17:00:00,58.66,151.4,83.38,31.1,Medido
MED-1101,ATV-005,2026-08-06T17:00:00,120.04,244.84,86.39,30.2,Medido
MED-1102,ATV-006,2026-08-06T17:00:00,27.93,128.64,99.51,28.4,Medido
MED-1103,ATV-007,2026-08-06T17:00:00,249.44,285.6,99.58,25.4,Medido
MED-1104,ATV-008,2026-08-06T17:00:00,83.5,182.11,83.15,25.8,Medido
MED-1105,ATV-001,2026-08-06T18:00:00,3.6,118.84,95.46,27.7,Medido
MED-1106,ATV-002,2026-08-06T18:00:00,93.24,161.46,80.71,25.6,Medido
MED-1107,ATV-003,2026-08-06T18:00:00,199.64,216.78,95.99,27.0,Medido
MED-1108,ATV-004,2026-08-06T18:00:00,55.86,151.4,83.38,29.0,Medido
MED-1109,ATV-005,2026-08-06T18:00:00,120.09,244.84,86.39,28.1,Medido
MED-1110,ATV-006,2026-08-06T18:00:00,3.2,128.64,99.51,26.3,Medido
MED-1111,ATV-007,2026-08-06T18:00:00,249.55,285.6,99.58,23.3,Medido
MED-1112,ATV-008,2026-08-06T18:00:00,89.51,182.11,83.15,23.7,Medido
MED-1113,ATV-001,2026-08-06T19:00:00,3.6,118.84,95.46,25.3,Medido
MED-1114,ATV-002,2026-08-06T19:00:00,86.97,161.46,80.71,23.2,Medido
MED-1115,ATV-003,2026-08-06T19:00:00,199.66,216.78,95.99,24.6,Medido
MED-1116,ATV-004,2026-08-06T19:00:00,53.83,151.4,83.38,26.6,Medido
MED-1117,ATV-005,2026-08-06T19:00:00,120.11,244.84,86.39,25.7,Medido
MED-1118,ATV-006,2026-08-06T19:00:00,3.2,128.64,99.51,23.9,Medido
MED-1119,ATV-007,2026-08-06T19:00:00,249.58,285.6,99.58,20.9,Medido
MED-1120,ATV-008,2026-08-06T19:00:00,95.78,182.11,83.15,21.3,Medido
MED-1121,ATV-001,2026-08-06T20:00:00,3.6,118.84,95.46,22.7,Medido
MED-1122,ATV-002,2026-08-06T20:00:00,81.11,161.46,80.71,20.6,Medido
MED-1123,ATV-003,2026-08-06T20:00:00,199.62,216.78,95.99,22.0,Medido
MED-1124,ATV-004,2026-08-06T20:00:00,52.59,151.4,83.38,24.0,Medido
MED-1125,ATV-005,2026-08-06T20:00:00,120.08,244.84,86.39,23.1,Medido
MED-1126,ATV-006,2026-08-06T20:00:00,3.2,128.64,99.51,21.3,Medido
MED-1127,ATV-007,2026-08-06T20:00:00,249.52,285.6,99.58,18.3,Medido
MED-1128,ATV-008,2026-08-06T20:00:00,102.18,182.11,83.15,18.7,Medido
MED-1129,ATV-001,2026-08-06T21:00:00,3.6,118.84,95.46,20.1,Medido
MED-1130,ATV-002,2026-08-06T21:00:00,75.76,161.46,80.71,18.0,Medido
MED-1131,ATV-003,2026-08-06T21:00:00,199.52,216.78,95.99,19.4,Medido
MED-1132,ATV-004,2026-08-06T21:00:00,52.19,151.4,83.38,21.4,Medido
MED-1133,ATV-005,2026-08-06T21:00:00,120.02,244.84,86.39,20.5,Medido
MED-1134,ATV-006,2026-08-06T21:00:00,3.2,128.64,99.51,18.7,Medido
MED-1135,ATV-007,2026-08-06T21:00:00,249.39,285.6,99.58,15.7,Medido
MED-1136,ATV-008,2026-08-06T21:00:00,108.57,182.11,83.15,16.2,Medido
MED-1137,ATV-001,2026-08-06T22:00:00,3.6,97.88,95.46,17.7,Medido
MED-1138,ATV-002,2026-08-06T22:00:00,71.04,133.51,80.71,15.6,Medido
MED-1139,ATV-003,2026-08-06T22:00:00,199.35,179.51,95.99,17.0,Medido
MED-1140,ATV-004,2026-08-06T22:00:00,52.61,126.95,83.38,19.0,Medido
MED-1141,ATV-005,2026-08-06T22:00:00,119.92,204.08,86.39,18.1,Medido
MED-1142,ATV-006,2026-08-06T22:00:00,3.2,110.01,99.51,16.3,Medido
MED-1143,ATV-007,2026-08-06T22:00:00,249.19,239.02,99.58,13.3,Medido
MED-1144,ATV-008,2026-08-06T22:00:00,114.83,155.32,83.15,13.7,Medido
MED-1145,ATV-001,2026-08-06T23:00:00,3.6,97.88,95.46,15.6,Medido
MED-1146,ATV-002,2026-08-06T23:00:00,67.04,133.51,80.71,13.5,Medido
MED-1147,ATV-003,2026-08-06T23:00:00,199.12,179.51,95.99,14.9,Medido
MED-1148,ATV-004,2026-08-06T23:00:00,53.87,126.95,83.38,16.9,Medido
MED-1149,ATV-005,2026-08-06T23:00:00,119.78,204.08,86.39,16.0,Medido
MED-1150,ATV-006,2026-08-06T23:00:00,3.2,110.01,99.51,14.3,Medido
MED-1151,ATV-007,2026-08-06T23:00:00,248.9,239.02,99.58,11.2,Medido
MED-1152,ATV-008,2026-08-06T23:00:00,120.83,155.32,83.15,11.7,Medido
MED-1153,ATV-001,2026-08-07T00:00:00,3.6,76.66,94.53,14.0,Medido
MED-1154,ATV-002,2026-08-07T00:00:00,189.9,105.21,80.5,11.9,Medido
MED-1155,ATV-003,2026-08-07T00:00:00,254.99,141.78,96.69,13.3,Medido
MED-1156,ATV-004,2026-08-07T00:00:00,178.99,102.19,84.35,15.3,Medido
MED-1157,ATV-005,2026-08-07T00:00:00,153.39,162.81,86.73,14.4,Medido
MED-1158,ATV-006,2026-08-07T00:00:00,3.2,91.14,98.91,12.7,Medido
MED-1159,ATV-007,2026-08-07T00:00:00,318.73,191.85,98.59,9.6,Medido
MED-1160,ATV-008,2026-08-07T00:00:00,119.55,128.2,82.68,10.1,Estimado
MED-1161,ATV-001,2026-08-07T01:00:00,3.6,76.66,94.53,13.1,Medido
MED-1162,ATV-002,2026-08-07T01:00:00,195.26,105.21,80.5,10.9,Medido
MED-1163,ATV-003,2026-08-07T01:00:00,256.0,141.78,96.69,12.3,Medido
MED-1164,ATV-004,2026-08-07T01:00:00,177.32,102.19,84.35,14.3,Medido
MED-1165,ATV-005,2026-08-07T01:00:00,154.0,162.81,86.73,13.4,Medido
MED-1166,ATV-006,2026-08-07T01:00:00,3.2,91.14,98.91,11.7,Medido
MED-1167,ATV-007,2026-08-07T01:00:00,320.0,191.85,98.59,8.6,Estimado
MED-1168,ATV-008,2026-08-07T01:00:00,111.52,128.2,82.68,9.1,Medido
MED-1169,ATV-001,2026-08-07T02:00:00,3.6,76.66,94.53,12.7,Medido
MED-1170,ATV-002,2026-08-07T02:00:00,199.55,105.21,80.5,10.6,Medido
MED-1171,ATV-003,2026-08-07T02:00:00,257.0,141.78,96.69,12.0,Medido
MED-1172,ATV-004,2026-08-07T02:00:00,174.57,102.19,84.35,14.0,Medido
MED-1173,ATV-005,2026-08-07T02:00:00,154.6,162.81,86.73,13.1,Medido
MED-1174,ATV-006,2026-08-07T02:00:00,3.2,91.14,98.91,11.3,Estimado
MED-1175,ATV-007,2026-08-07T02:00:00,321.25,191.85,98.59,8.3,Medido
MED-1176,ATV-008,2026-08-07T02:00:00,104.0,128.2,82.68,8.7,Medido
MED-1177,ATV-001,2026-08-07T03:00:00,3.6,76.66,94.53,13.1,Medido
MED-1178,ATV-002,2026-08-07T03:00:00,202.67,105.21,80.5,10.9,Medido
MED-1179,ATV-003,2026-08-07T03:00:00,257.99,141.78,96.69,12.3,Medido
MED-1180,ATV-004,2026-08-07T03:00:00,170.82,102.19,84.35,14.3,Medido
MED-1181,ATV-005,2026-08-07T03:00:00,155.2,162.81,86.73,13.4,Estimado
MED-1182,ATV-006,2026-08-07T03:00:00,3.2,91.14,98.91,11.7,Medido
MED-1183,ATV-007,2026-08-07T03:00:00,322.49,191.85,98.59,8.6,Medido
MED-1184,ATV-008,2026-08-07T03:00:00,97.14,128.2,82.68,9.1,Medido
MED-1185,ATV-001,2026-08-07T04:00:00,3.6,76.66,94.53,14.0,Medido
MED-1186,ATV-002,2026-08-07T04:00:00,204.57,105.21,80.5,11.9,Medido
MED-1187,ATV-003,2026-08-07T04:00:00,258.96,141.78,96.69,13.3,Medido
MED-1188,ATV-004,2026-08-07T04:00:00,166.12,102.19,84.35,15.3,Estimado
MED-1189,ATV-005,2026-08-07T04:00:00,155.78,162.81,86.73,14.4,Medido
MED-1190,ATV-006,2026-08-07T04:00:00,3.2,91.14,98.91,12.7,Medido
MED-1191,ATV-007,2026-08-07T04:00:00,323.7,191.85,98.59,9.6,Medido
MED-1192,ATV-008,2026-08-07T04:00:00,91.09,128.2,82.68,10.1,Medido
MED-1193,ATV-001,2026-08-07T05:00:00,3.6,76.66,94.53,15.6,Medido
MED-1194,ATV-002,2026-08-07T05:00:00,205.2,105.21,80.5,13.5,Medido
MED-1195,ATV-003,2026-08-07T05:00:00,259.91,141.78,96.69,14.9,Estimado
MED-1196,ATV-004,2026-08-07T05:00:00,160.57,102.19,84.35,16.9,Medido
MED-1197,ATV-005,2026-08-07T05:00:00,156.35,162.81,86.73,16.0,Medido
MED-1198,ATV-006,2026-08-07T05:00:00,3.2,91.14,98.91,14.3,Medido
MED-1199,ATV-007,2026-08-07T05:00:00,324.88,191.85,98.59,11.2,Medido
MED-1200,ATV-008,2026-08-07T05:00:00,85.96,128.2,82.68,11.7,Medido
MED-1201,ATV-001,2026-08-07T06:00:00,3.6,76.66,94.53,17.7,Medido
MED-1202,ATV-002,2026-08-07T06:00:00,204.56,105.21,80.5,15.6,Estimado
MED-1203,ATV-003,2026-08-07T06:00:00,260.81,141.78,96.69,17.0,Medido
MED-1204,ATV-004,2026-08-07T06:00:00,154.3,102.19,84.35,19.0,Medido
MED-1205,ATV-005,2026-08-07T06:00:00,156.9,162.81,86.73,18.1,Medido
MED-1206,ATV-006,2026-08-07T06:00:00,3.2,91.14,98.91,16.3,Medido
MED-1207,ATV-007,2026-08-07T06:00:00,326.02,191.85,98.59,13.3,Medido
MED-1208,ATV-008,2026-08-07T06:00:00,81.86,128.2,82.68,13.7,Medido
MED-1209,ATV-001,2026-08-07T07:00:00,42.05,76.66,94.53,20.1,Estimado
MED-1210,ATV-002,2026-08-07T07:00:00,202.65,105.21,80.5,18.0,Medido
MED-1211,ATV-003,2026-08-07T07:00:00,261.68,141.78,96.69,19.4,Medido
MED-1212,ATV-004,2026-08-07T07:00:00,147.42,102.19,84.35,21.4,Medido
MED-1213,ATV-005,2026-08-07T07:00:00,157.42,162.81,86.73,20.5,Medido
MED-1214,ATV-006,2026-08-07T07:00:00,37.37,91.14,98.91,18.7,Medido
MED-1215,ATV-007,2026-08-07T07:00:00,327.1,191.85,98.59,15.7,Medido
MED-1216,ATV-008,2026-08-07T07:00:00,78.88,128.2,82.68,16.2,Medido
MED-1217,ATV-001,2026-08-07T08:00:00,81.22,92.86,94.53,22.7,Medido
MED-1218,ATV-002,2026-08-07T08:00:00,199.51,126.81,80.5,20.6,Medido
MED-1219,ATV-003,2026-08-07T08:00:00,262.5,170.58,96.69,22.0,Medido
MED-1220,ATV-004,2026-08-07T08:00:00,140.08,121.08,84.35,24.0,Medido
MED-1221,ATV-005,2026-08-07T08:00:00,157.91,194.31,86.73,23.1,Medido
MED-1222,ATV-006,2026-08-07T08:00:00,72.2,105.54,98.91,21.3,Medido
MED-1223,ATV-007,2026-08-07T08:00:00,328.13,227.85,98.59,18.3,Medido
MED-1224,ATV-008,2026-08-07T08:00:00,77.07,148.9,82.68,18.7,Medido
MED-1225,ATV-001,2026-08-07T09:00:00,114.87,92.86,94.53,25.3,Medido
MED-1226,ATV-002,2026-08-07T09:00:00,195.22,126.81,80.5,23.2,Medido
MED-1227,ATV-003,2026-08-07T09:00:00,263.27,170.58,96.69,24.6,Medido
MED-1228,ATV-004,2026-08-07T09:00:00,132.43,121.08,84.35,26.6,Medido
MED-1229,ATV-005,2026-08-07T09:00:00,158.38,194.31,86.73,25.7,Medido
MED-1230,ATV-006,2026-08-07T09:00:00,102.11,105.54,98.91,23.9,Medido
MED-1231,ATV-007,2026-08-07T09:00:00,329.09,227.85,98.59,20.9,Medido
MED-1232,ATV-008,2026-08-07T09:00:00,76.48,148.9,82.68,21.3,Medido
MED-1233,ATV-001,2026-08-07T10:00:00,140.69,92.86,94.53,27.7,Medido
MED-1234,ATV-002,2026-08-07T10:00:00,189.85,126.81,80.5,25.6,Medido
MED-1235,ATV-003,2026-08-07T10:00:00,263.99,170.58,96.69,27.0,Medido
MED-1236,ATV-004,2026-08-07T10:00:00,124.62,121.08,84.35,29.0,Medido
MED-1237,ATV-005,2026-08-07T10:00:00,158.8,194.31,86.73,28.1,Medido
MED-1238,ATV-006,2026-08-07T10:00:00,125.05,105.54,98.91,26.3,Medido
MED-1239,ATV-007,2026-08-07T10:00:00,329.98,227.85,98.59,23.3,Medido
MED-1240,ATV-008,2026-08-07T10:00:00,77.1,148.9,82.68,23.7,Medido
MED-1241,ATV-001,2026-08-07T11:00:00,156.91,92.86,94.53,29.8,Medido
MED-1242,ATV-002,2026-08-07T11:00:00,183.51,126.81,80.5,27.7,Medido
MED-1243,ATV-003,2026-08-07T11:00:00,264.64,170.58,96.69,29.1,Medido
MED-1244,ATV-004,2026-08-07T11:00:00,116.81,121.08,84.35,31.1,Medido
MED-1245,ATV-005,2026-08-07T11:00:00,159.19,194.31,86.73,30.2,Medido
MED-1246,ATV-006,2026-08-07T11:00:00,139.48,105.54,98.91,28.4,Medido
MED-1247,ATV-007,2026-08-07T11:00:00,330.79,227.85,98.59,25.4,Medido
MED-1248,ATV-008,2026-08-07T11:00:00,78.94,148.9,82.68,25.8,Medido
MED-1249,ATV-001,2026-08-07T12:00:00,162.45,92.86,94.53,31.4,Medido
MED-1250,ATV-002,2026-08-07T12:00:00,176.34,126.81,80.5,29.3,Medido
MED-1251,ATV-003,2026-08-07T12:00:00,265.22,170.58,96.69,30.6,Medido
MED-1252,ATV-004,2026-08-07T12:00:00,109.16,121.08,84.35,32.7,Medido
MED-1253,ATV-005,2026-08-07T12:00:00,159.54,194.31,86.73,31.7,Medido
MED-1254,ATV-006,2026-08-07T12:00:00,144.4,105.54,98.91,30.0,Medido
MED-1255,ATV-007,2026-08-07T12:00:00,331.52,227.85,98.59,27.0,Medido
MED-1256,ATV-008,2026-08-07T12:00:00,81.96,148.9,82.68,27.4,Medido
MED-1257,ATV-001,2026-08-07T13:00:00,156.91,92.86,94.53,32.4,Medido
MED-1258,ATV-002,2026-08-07T13:00:00,168.48,126.81,80.5,30.3,Medido
MED-1259,ATV-003,2026-08-07T13:00:00,265.73,170.58,96.69,31.6,Medido
MED-1260,ATV-004,2026-08-07T13:00:00,101.83,121.08,84.35,33.7,Medido
MED-1261,ATV-005,2026-08-07T13:00:00,159.85,194.31,86.73,32.7,Medido
MED-1262,ATV-006,2026-08-07T13:00:00,139.48,105.54,98.91,31.0,Medido
MED-1263,ATV-007,2026-08-07T13:00:00,332.16,227.85,98.59,28.0,Medido
MED-1264,ATV-008,2026-08-07T13:00:00,86.08,148.9,82.68,28.4,Medido
MED-1265,ATV-001,2026-08-07T14:00:00,140.69,92.86,94.53,32.7,Medido
MED-1266,ATV-002,2026-08-07T14:00:00,160.1,126.81,80.5,30.6,Medido
MED-1267,ATV-003,2026-08-07T14:00:00,266.17,170.58,96.69,32.0,Medido
MED-1268,ATV-004,2026-08-07T14:00:00,94.96,121.08,84.35,34.0,Medido
MED-1269,ATV-005,2026-08-07T14:00:00,160.12,194.31,86.73,33.1,Medido
MED-1270,ATV-006,2026-08-07T14:00:00,125.05,105.54,98.91,31.3,Medido
MED-1271,ATV-007,2026-08-07T14:00:00,332.71,227.85,98.59,28.3,Medido
MED-1272,ATV-008,2026-08-07T14:00:00,91.24,148.9,82.68,28.7,Medido
MED-1273,ATV-001,2026-08-07T15:00:00,114.87,92.86,94.53,32.4,Medido
MED-1274,ATV-002,2026-08-07T15:00:00,151.35,126.81,80.5,30.3,Medido
MED-1275,ATV-003,2026-08-07T15:00:00,266.52,170.58,96.69,31.6,Medido
MED-1276,ATV-004,2026-08-07T15:00:00,88.7,121.08,84.35,33.7,Medido
MED-1277,ATV-005,2026-08-07T15:00:00,160.33,194.31,86.73,32.7,Medido
MED-1278,ATV-006,2026-08-07T15:00:00,102.11,105.54,98.91,31.0,Medido
MED-1279,ATV-007,2026-08-07T15:00:00,333.16,227.85,98.59,28.0,Medido
MED-1280,ATV-008,2026-08-07T15:00:00,97.32,148.9,82.68,28.4,Medido
MED-1281,ATV-001,2026-08-07T16:00:00,81.22,92.86,94.53,31.4,Medido
MED-1282,ATV-002,2026-08-07T16:00:00,142.42,126.81,80.5,29.3,Medido
MED-1283,ATV-003,2026-08-07T16:00:00,266.8,170.58,96.69,30.6,Medido
MED-1284,ATV-004,2026-08-07T16:00:00,83.17,121.08,84.35,32.7,Medido
MED-1285,ATV-005,2026-08-07T16:00:00,160.5,194.31,86.73,31.7,Medido
MED-1286,ATV-006,2026-08-07T16:00:00,72.2,105.54,98.91,30.0,Medido
MED-1287,ATV-007,2026-08-07T16:00:00,333.5,227.85,98.59,27.0,Medido
MED-1288,ATV-008,2026-08-07T16:00:00,104.19,148.9,82.68,27.4,Medido
MED-1289,ATV-001,2026-08-07T17:00:00,42.05,92.86,94.53,29.8,Medido
MED-1290,ATV-002,2026-08-07T17:00:00,133.49,126.81,80.5,27.7,Medido
MED-1291,ATV-003,2026-08-07T17:00:00,267.0,170.58,96.69,29.1,Medido
MED-1292,ATV-004,2026-08-07T17:00:00,78.48,121.08,84.35,31.1,Medido
MED-1293,ATV-005,2026-08-07T17:00:00,160.62,194.31,86.73,30.2,Medido
MED-1294,ATV-006,2026-08-07T17:00:00,37.37,105.54,98.91,28.4,Medido
MED-1295,ATV-007,2026-08-07T17:00:00,333.75,227.85,98.59,25.4,Medido
MED-1296,ATV-008,2026-08-07T17:00:00,111.73,148.9,82.68,25.8,Medido
MED-1297,ATV-001,2026-08-07T18:00:00,3.6,92.86,94.53,27.7,Medido
MED-1298,ATV-002,2026-08-07T18:00:00,124.75,126.81,80.5,25.6,Medido
MED-1299,ATV-003,2026-08-07T18:00:00,267.11,170.58,96.69,27.0,Medido
MED-1300,ATV-004,2026-08-07T18:00:00,74.74,121.08,84.35,29.0,Medido
MED-1301,ATV-005,2026-08-07T18:00:00,160.69,194.31,86.73,28.1,Medido
MED-1302,ATV-006,2026-08-07T18:00:00,3.2,105.54,98.91,26.3,Medido
MED-1303,ATV-007,2026-08-07T18:00:00,333.89,227.85,98.59,23.3,Medido
MED-1304,ATV-008,2026-08-07T18:00:00,119.77,148.9,82.68,23.7,Medido
MED-1305,ATV-001,2026-08-07T19:00:00,3.6,92.86,94.53,25.3,Medido
MED-1306,ATV-002,2026-08-07T19:00:00,116.37,126.81,80.5,23.2,Medido
MED-1307,ATV-003,2026-08-07T19:00:00,267.14,170.58,96.69,24.6,Medido
MED-1308,ATV-004,2026-08-07T19:00:00,72.02,121.08,84.35,26.6,Medido
MED-1309,ATV-005,2026-08-07T19:00:00,160.7,194.31,86.73,25.7,Medido
MED-1310,ATV-006,2026-08-07T19:00:00,3.2,105.54,98.91,23.9,Medido
MED-1311,ATV-007,2026-08-07T19:00:00,333.93,227.85,98.59,20.9,Medido
MED-1312,ATV-008,2026-08-07T19:00:00,128.16,148.9,82.68,21.3,Estimado
MED-1313,ATV-001,2026-08-07T20:00:00,3.6,92.86,94.53,22.7,Medido
MED-1314,ATV-002,2026-08-07T20:00:00,108.52,126.81,80.5,20.6,Medido
MED-1315,ATV-003,2026-08-07T20:00:00,267.09,170.58,96.69,22.0,Medido
MED-1316,ATV-004,2026-08-07T20:00:00,70.37,121.08,84.35,24.0,Medido
MED-1317,ATV-005,2026-08-07T20:00:00,160.67,194.31,86.73,23.1,Medido
MED-1318,ATV-006,2026-08-07T20:00:00,3.2,105.54,98.91,21.3,Medido
MED-1319,ATV-007,2026-08-07T20:00:00,333.86,227.85,98.59,18.3,Estimado
MED-1320,ATV-008,2026-08-07T20:00:00,136.71,148.9,82.68,18.7,Medido
MED-1321,ATV-001,2026-08-07T21:00:00,3.6,92.86,94.53,20.1,Medido
MED-1322,ATV-002,2026-08-07T21:00:00,101.37,126.81,80.5,18.0,Medido
MED-1323,ATV-003,2026-08-07T21:00:00,266.95,170.58,96.69,19.4,Medido
MED-1324,ATV-004,2026-08-07T21:00:00,69.83,121.08,84.35,21.4,Medido
MED-1325,ATV-005,2026-08-07T21:00:00,160.59,194.31,86.73,20.5,Medido
MED-1326,ATV-006,2026-08-07T21:00:00,3.2,105.54,98.91,18.7,Estimado
MED-1327,ATV-007,2026-08-07T21:00:00,333.69,227.85,98.59,15.7,Medido
MED-1328,ATV-008,2026-08-07T21:00:00,145.27,148.9,82.68,16.2,Medido
MED-1329,ATV-001,2026-08-07T22:00:00,3.6,76.66,94.53,17.7,Medido
MED-1330,ATV-002,2026-08-07T22:00:00,95.05,105.21,80.5,15.6,Medido
MED-1331,ATV-003,2026-08-07T22:00:00,266.73,141.78,96.69,17.0,Medido
MED-1332,ATV-004,2026-08-07T22:00:00,70.4,102.19,84.35,19.0,Medido
MED-1333,ATV-005,2026-08-07T22:00:00,160.45,162.81,86.73,18.1,Estimado
MED-1334,ATV-006,2026-08-07T22:00:00,3.2,91.14,98.91,16.3,Medido
MED-1335,ATV-007,2026-08-07T22:00:00,333.41,191.85,98.59,13.3,Medido
MED-1336,ATV-008,2026-08-07T22:00:00,153.64,128.2,82.68,13.7,Medido
MED-1337,ATV-001,2026-08-07T23:00:00,3.6,76.66,94.53,15.6,Medido
MED-1338,ATV-002,2026-08-07T23:00:00,89.7,105.21,80.5,13.5,Medido
MED-1339,ATV-003,2026-08-07T23:00:00,266.42,141.78,96.69,14.9,Medido
MED-1340,ATV-004,2026-08-07T23:00:00,72.08,102.19,84.35,16.9,Estimado
MED-1341,ATV-005,2026-08-07T23:00:00,160.27,162.81,86.73,16.0,Medido
MED-1342,ATV-006,2026-08-07T23:00:00,3.2,91.14,98.91,14.3,Medido
MED-1343,ATV-007,2026-08-07T23:00:00,333.03,191.85,98.59,11.2,Medido
MED-1344,ATV-008,2026-08-07T23:00:00,161.67,128.2,82.68,11.7,Medido
MED-1345,ATV-001,2026-08-08T00:00:00,3.6,55.44,93.85,17.0,Medido
MED-1346,ATV-002,2026-08-08T00:00:00,235.2,76.91,80.74,14.9,Medido
MED-1347,ATV-003,2026-08-08T00:00:00,313.07,104.05,97.63,16.3,Estimado
MED-1348,ATV-004,2026-08-08T00:00:00,205.8,77.42,85.12,18.3,Medido
MED-1349,ATV-005,2026-08-08T00:00:00,342.42,121.54,99.7,17.4,Medido
MED-1350,ATV-006,2026-08-08T00:00:00,3.2,72.28,98.03,15.7,Medido
MED-1351,ATV-007,2026-08-08T00:00:00,391.34,144.69,97.74,12.6,Medido
MED-1352,ATV-008,2026-08-08T00:00:00,200.47,101.08,82.64,13.1,Medido
MED-1353,ATV-001,2026-08-08T01:00:00,3.6,55.44,93.85,16.1,Medido
MED-1354,ATV-002,2026-08-08T01:00:00,235.2,76.91,80.74,13.9,Estimado
MED-1355,ATV-003,2026-08-08T01:00:00,313.6,104.05,97.63,15.3,Medido
MED-1356,ATV-004,2026-08-08T01:00:00,205.8,77.42,85.12,17.3,Medido
MED-1357,ATV-005,2026-08-08T01:00:00,343.0,121.54,99.7,16.4,Medido
MED-1358,ATV-006,2026-08-08T01:00:00,3.2,72.28,98.03,14.7,Medido
MED-1359,ATV-007,2026-08-08T01:00:00,392.0,144.69,97.74,11.6,Medido
MED-1360,ATV-008,2026-08-08T01:00:00,187.01,101.08,82.64,12.1,Medido
MED-1361,ATV-001,2026-08-08T02:00:00,3.6,55.44,93.85,15.7,Estimado
MED-1362,ATV-002,2026-08-08T02:00:00,235.2,76.91,80.74,13.6,Medido
MED-1363,ATV-003,2026-08-08T02:00:00,313.6,104.05,97.63,15.0,Medido
MED-1364,ATV-004,2026-08-08T02:00:00,205.8,77.42,85.12,17.0,Medido
MED-1365,ATV-005,2026-08-08T02:00:00,343.0,121.54,99.7,16.1,Medido
MED-1366,ATV-006,2026-08-08T02:00:00,3.2,72.28,98.03,14.3,Medido
MED-1367,ATV-007,2026-08-08T02:00:00,392.0,144.69,97.74,11.3,Medido
MED-1368,ATV-008,2026-08-08T02:00:00,174.39,101.08,82.64,11.7,Medido
MED-1369,ATV-001,2026-08-08T03:00:00,3.6,55.44,93.85,16.1,Medido
MED-1370,ATV-002,2026-08-08T03:00:00,235.2,76.91,80.74,13.9,Medido
MED-1371,ATV-003,2026-08-08T03:00:00,313.6,104.05,97.63,15.3,Medido
MED-1372,ATV-004,2026-08-08T03:00:00,205.8,77.42,85.12,17.3,Medido
MED-1373,ATV-005,2026-08-08T03:00:00,343.0,121.54,99.7,16.4,Medido
MED-1374,ATV-006,2026-08-08T03:00:00,3.2,72.28,98.03,14.7,Medido
MED-1375,ATV-007,2026-08-08T03:00:00,392.0,144.69,97.74,11.6,Medido
MED-1376,ATV-008,2026-08-08T03:00:00,162.89,101.08,82.64,12.1,Medido
MED-1377,ATV-001,2026-08-08T04:00:00,3.6,55.44,93.85,17.0,Medido
MED-1378,ATV-002,2026-08-08T04:00:00,235.2,76.91,80.74,14.9,Medido
MED-1379,ATV-003,2026-08-08T04:00:00,313.6,104.05,97.63,16.3,Medido
MED-1380,ATV-004,2026-08-08T04:00:00,205.8,77.42,85.12,18.3,Medido
MED-1381,ATV-005,2026-08-08T04:00:00,343.0,121.54,99.7,17.4,Medido
MED-1382,ATV-006,2026-08-08T04:00:00,3.2,72.28,98.03,15.7,Medido
MED-1383,ATV-007,2026-08-08T04:00:00,392.0,144.69,97.74,12.6,Medido
MED-1384,ATV-008,2026-08-08T04:00:00,152.74,101.08,82.64,13.1,Medido
MED-1385,ATV-001,2026-08-08T05:00:00,3.6,55.44,93.85,18.6,Medido
MED-1386,ATV-002,2026-08-08T05:00:00,235.2,76.91,80.74,16.5,Medido
MED-1387,ATV-003,2026-08-08T05:00:00,313.6,104.05,97.63,17.9,Medido
MED-1388,ATV-004,2026-08-08T05:00:00,205.8,77.42,85.12,19.9,Medido
MED-1389,ATV-005,2026-08-08T05:00:00,343.0,121.54,99.7,19.0,Medido
MED-1390,ATV-006,2026-08-08T05:00:00,3.2,72.28,98.03,17.3,Medido
MED-1391,ATV-007,2026-08-08T05:00:00,392.0,144.69,97.74,14.2,Medido
MED-1392,ATV-008,2026-08-08T05:00:00,144.14,101.08,82.64,14.7,Medido
MED-1393,ATV-001,2026-08-08T06:00:00,3.6,55.44,93.85,20.7,Medido
MED-1394,ATV-002,2026-08-08T06:00:00,235.2,76.91,80.74,18.6,Medido
MED-1395,ATV-003,2026-08-08T06:00:00,313.6,104.05,97.63,20.0,Medido
MED-1396,ATV-004,2026-08-08T06:00:00,205.8,77.42,85.12,22.0,Medido
MED-1397,ATV-005,2026-08-08T06:00:00,343.0,121.54,99.7,21.1,Medido
MED-1398,ATV-006,2026-08-08T06:00:00,3.2,72.28,98.03,19.3,Medido
MED-1399,ATV-007,2026-08-08T06:00:00,392.0,144.69,97.74,16.3,Medido
MED-1400,ATV-008,2026-08-08T06:00:00,137.27,101.08,82.64,16.7,Medido
MED-1401,ATV-001,2026-08-08T07:00:00,52.22,55.44,93.85,23.1,Medido
MED-1402,ATV-002,2026-08-08T07:00:00,235.2,76.91,80.74,21.0,Medido
MED-1403,ATV-003,2026-08-08T07:00:00,313.6,104.05,97.63,22.4,Medido
MED-1404,ATV-004,2026-08-08T07:00:00,205.8,77.42,85.12,24.4,Medido
MED-1405,ATV-005,2026-08-08T07:00:00,343.0,121.54,99.7,23.5,Medido
MED-1406,ATV-006,2026-08-08T07:00:00,46.42,72.28,98.03,21.7,Medido
MED-1407,ATV-007,2026-08-08T07:00:00,392.0,144.69,97.74,18.7,Medido
MED-1408,ATV-008,2026-08-08T07:00:00,132.27,101.08,82.64,19.2,Medido
MED-1409,ATV-001,2026-08-08T08:00:00,100.89,66.87,93.85,25.7,Medido
MED-1410,ATV-002,2026-08-08T08:00:00,235.2,92.16,80.74,23.6,Medido
MED-1411,ATV-003,2026-08-08T08:00:00,313.6,124.38,97.63,25.0,Medido
MED-1412,ATV-004,2026-08-08T08:00:00,205.8,90.77,85.12,27.0,Medido
MED-1413,ATV-005,2026-08-08T08:00:00,343.0,143.78,99.7,26.1,Medido
MED-1414,ATV-006,2026-08-08T08:00:00,89.68,82.44,98.03,24.3,Medido
MED-1415,ATV-007,2026-08-08T08:00:00,392.0,170.1,97.74,21.3,Medido
MED-1416,ATV-008,2026-08-08T08:00:00,129.24,115.7,82.64,21.7,Medido
MED-1417,ATV-001,2026-08-08T09:00:00,142.68,66.87,93.85,28.3,Medido
MED-1418,ATV-002,2026-08-08T09:00:00,235.2,92.16,80.74,26.2,Medido
MED-1419,ATV-003,2026-08-08T09:00:00,313.6,124.38,97.63,27.6,Medido
MED-1420,ATV-004,2026-08-08T09:00:00,205.8,90.77,85.12,29.6,Medido
MED-1421,ATV-005,2026-08-08T09:00:00,343.0,143.78,99.7,28.7,Medido
MED-1422,ATV-006,2026-08-08T09:00:00,126.83,82.44,98.03,26.9,Medido
MED-1423,ATV-007,2026-08-08T09:00:00,392.0,170.1,97.74,23.9,Medido
MED-1424,ATV-008,2026-08-08T09:00:00,128.24,115.7,82.64,24.3,Medido
MED-1425,ATV-001,2026-08-08T10:00:00,174.75,66.87,93.85,30.7,Medido
MED-1426,ATV-002,2026-08-08T10:00:00,235.2,92.16,80.74,28.6,Medido
MED-1427,ATV-003,2026-08-08T10:00:00,313.6,124.38,97.63,30.0,Medido
MED-1428,ATV-004,2026-08-08T10:00:00,205.8,90.77,85.12,32.0,Medido
MED-1429,ATV-005,2026-08-08T10:00:00,343.0,143.78,99.7,31.1,Medido
MED-1430,ATV-006,2026-08-08T10:00:00,155.33,82.44,98.03,29.3,Medido
MED-1431,ATV-007,2026-08-08T10:00:00,392.0,170.1,97.74,26.3,Medido
MED-1432,ATV-008,2026-08-08T10:00:00,129.29,115.7,82.64,26.7,Medido
MED-1433,ATV-001,2026-08-08T11:00:00,176.4,66.87,93.85,32.8,Medido
MED-1434,ATV-002,2026-08-08T11:00:00,235.2,92.16,80.74,30.7,Medido
MED-1435,ATV-003,2026-08-08T11:00:00,313.6,124.38,97.63,32.1,Medido
MED-1436,ATV-004,2026-08-08T11:00:00,195.87,90.77,85.12,34.1,Medido
MED-1437,ATV-005,2026-08-08T11:00:00,343.0,143.78,99.7,33.2,Medido
MED-1438,ATV-006,2026-08-08T11:00:00,156.8,82.44,98.03,31.4,Medido
MED-1439,ATV-007,2026-08-08T11:00:00,392.0,170.1,97.74,28.4,Medido
MED-1440,ATV-008,2026-08-08T11:00:00,132.38,115.7,82.64,28.8,Medido
MED-1441,ATV-001,2026-08-08T12:00:00,176.4,66.87,93.85,34.4,Medido
MED-1442,ATV-002,2026-08-08T12:00:00,235.2,92.16,80.74,32.3,Medido
MED-1443,ATV-003,2026-08-08T12:00:00,313.6,124.38,97.63,33.6,Medido
MED-1444,ATV-004,2026-08-08T12:00:00,183.04,90.77,85.12,35.7,Medido
MED-1445,ATV-005,2026-08-08T12:00:00,343.0,143.78,99.7,34.7,Medido
MED-1446,ATV-006,2026-08-08T12:00:00,156.8,82.44,98.03,33.0,Medido
MED-1447,ATV-007,2026-08-08T12:00:00,392.0,170.1,97.74,30.0,Medido
MED-1448,ATV-008,2026-08-08T12:00:00,137.43,115.7,82.64,30.4,Medido
MED-1449,ATV-001,2026-08-08T13:00:00,176.4,66.87,93.85,35.4,Medido
MED-1450,ATV-002,2026-08-08T13:00:00,235.2,92.16,80.74,33.3,Medido
MED-1451,ATV-003,2026-08-08T13:00:00,313.6,124.38,97.63,34.6,Medido
MED-1452,ATV-004,2026-08-08T13:00:00,170.74,90.77,85.12,36.7,Medido
MED-1453,ATV-005,2026-08-08T13:00:00,343.0,143.78,99.7,35.7,Medido
MED-1454,ATV-006,2026-08-08T13:00:00,156.8,82.44,98.03,34.0,Medido
MED-1455,ATV-007,2026-08-08T13:00:00,392.0,170.1,97.74,31.0,Medido
MED-1456,ATV-008,2026-08-08T13:00:00,144.35,115.7,82.64,31.4,Medido
MED-1457,ATV-001,2026-08-08T14:00:00,174.75,66.87,93.85,35.7,Medido
MED-1458,ATV-002,2026-08-08T14:00:00,235.2,92.16,80.74,33.6,Medido
MED-1459,ATV-003,2026-08-08T14:00:00,313.6,124.38,97.63,35.0,Medido
MED-1460,ATV-004,2026-08-08T14:00:00,159.23,90.77,85.12,37.0,Medido
MED-1461,ATV-005,2026-08-08T14:00:00,343.0,143.78,99.7,36.1,Medido
MED-1462,ATV-006,2026-08-08T14:00:00,155.33,82.44,98.03,34.3,Medido
MED-1463,ATV-007,2026-08-08T14:00:00,392.0,170.1,97.74,31.3,Medido
MED-1464,ATV-008,2026-08-08T14:00:00,152.99,115.7,82.64,31.7,Estimado
MED-1465,ATV-001,2026-08-08T15:00:00,142.68,66.87,93.85,35.4,Medido
MED-1466,ATV-002,2026-08-08T15:00:00,235.2,92.16,80.74,33.3,Medido
MED-1467,ATV-003,2026-08-08T15:00:00,313.6,124.38,97.63,34.6,Medido
MED-1468,ATV-004,2026-08-08T15:00:00,148.73,90.77,85.12,36.7,Medido
MED-1469,ATV-005,2026-08-08T15:00:00,343.0,143.78,99.7,35.7,Medido
MED-1470,ATV-006,2026-08-08T15:00:00,126.83,82.44,98.03,34.0,Medido
MED-1471,ATV-007,2026-08-08T15:00:00,392.0,170.1,97.74,31.0,Estimado
MED-1472,ATV-008,2026-08-08T15:00:00,163.18,115.7,82.64,31.4,Medido
MED-1473,ATV-001,2026-08-08T16:00:00,100.89,66.87,93.85,34.4,Medido
MED-1474,ATV-002,2026-08-08T16:00:00,235.2,92.16,80.74,32.3,Medido
MED-1475,ATV-003,2026-08-08T16:00:00,313.6,124.38,97.63,33.6,Medido
MED-1476,ATV-004,2026-08-08T16:00:00,139.46,90.77,85.12,35.7,Medido
MED-1477,ATV-005,2026-08-08T16:00:00,343.0,143.78,99.7,34.7,Medido
MED-1478,ATV-006,2026-08-08T16:00:00,89.68,82.44,98.03,33.0,Estimado
MED-1479,ATV-007,2026-08-08T16:00:00,392.0,170.1,97.74,30.0,Medido
MED-1480,ATV-008,2026-08-08T16:00:00,174.72,115.7,82.64,30.4,Medido
MED-1481,ATV-001,2026-08-08T17:00:00,52.22,66.87,93.85,32.8,Medido
MED-1482,ATV-002,2026-08-08T17:00:00,223.85,92.16,80.74,30.7,Medido
MED-1483,ATV-003,2026-08-08T17:00:00,313.6,124.38,97.63,32.1,Medido
MED-1484,ATV-004,2026-08-08T17:00:00,131.61,90.77,85.12,34.1,Medido
MED-1485,ATV-005,2026-08-08T17:00:00,343.0,143.78,99.7,33.2,Estimado
MED-1486,ATV-006,2026-08-08T17:00:00,46.42,82.44,98.03,31.4,Medido
MED-1487,ATV-007,2026-08-08T17:00:00,392.0,170.1,97.74,28.4,Medido
MED-1488,ATV-008,2026-08-08T17:00:00,187.35,115.7,82.64,28.8,Medido
MED-1489,ATV-001,2026-08-08T18:00:00,3.6,66.87,93.85,30.7,Medido
MED-1490,ATV-002,2026-08-08T18:00:00,209.19,92.16,80.74,28.6,Medido
MED-1491,ATV-003,2026-08-08T18:00:00,313.6,124.38,97.63,30.0,Medido
MED-1492,ATV-004,2026-08-08T18:00:00,125.33,90.77,85.12,32.0,Estimado
MED-1493,ATV-005,2026-08-08T18:00:00,343.0,143.78,99.7,31.1,Medido
MED-1494,ATV-006,2026-08-08T18:00:00,3.2,82.44,98.03,29.3,Medido
MED-1495,ATV-007,2026-08-08T18:00:00,392.0,170.1,97.74,26.3,Medido
MED-1496,ATV-008,2026-08-08T18:00:00,200.84,115.7,82.64,26.7,Medido
MED-1497,ATV-001,2026-08-08T19:00:00,3.6,66.87,93.85,28.3,Medido
MED-1498,ATV-002,2026-08-08T19:00:00,195.14,92.16,80.74,26.2,Medido
MED-1499,ATV-003,2026-08-08T19:00:00,313.6,124.38,97.63,27.6,Estimado
MED-1500,ATV-004,2026-08-08T19:00:00,120.77,90.77,85.12,29.6,Medido
MED-1501,ATV-005,2026-08-08T19:00:00,343.0,143.78,99.7,28.7,Medido
MED-1502,ATV-006,2026-08-08T19:00:00,3.2,82.44,98.03,26.9,Medido
MED-1503,ATV-007,2026-08-08T19:00:00,392.0,170.1,97.74,23.9,Medido
MED-1504,ATV-008,2026-08-08T19:00:00,214.9,115.7,82.64,24.3,Medido
MED-1505,ATV-001,2026-08-08T20:00:00,3.6,66.87,93.85,25.7,Medido
MED-1506,ATV-002,2026-08-08T20:00:00,181.98,92.16,80.74,23.6,Estimado
MED-1507,ATV-003,2026-08-08T20:00:00,313.6,124.38,97.63,25.0,Medido
MED-1508,ATV-004,2026-08-08T20:00:00,118.0,90.77,85.12,27.0,Medido
MED-1509,ATV-005,2026-08-08T20:00:00,343.0,143.78,99.7,26.1,Medido
MED-1510,ATV-006,2026-08-08T20:00:00,3.2,82.44,98.03,24.3,Medido
MED-1511,ATV-007,2026-08-08T20:00:00,392.0,170.1,97.74,21.3,Medido
MED-1512,ATV-008,2026-08-08T20:00:00,225.4,115.7,82.64,21.7,Medido
MED-1513,ATV-001,2026-08-08T21:00:00,3.6,66.87,93.85,23.1,Estimado
MED-1514,ATV-002,2026-08-08T21:00:00,169.98,92.16,80.74,21.0,Medido
MED-1515,ATV-003,2026-08-08T21:00:00,313.6,124.38,97.63,22.4,Medido
MED-1516,ATV-004,2026-08-08T21:00:00,117.09,90.77,85.12,24.4,Medido
MED-1517,ATV-005,2026-08-08T21:00:00,343.0,143.78,99.7,23.5,Medido
MED-1518,ATV-006,2026-08-08T21:00:00,3.2,82.44,98.03,21.7,Medido
MED-1519,ATV-007,2026-08-08T21:00:00,392.0,170.1,97.74,18.7,Medido
MED-1520,ATV-008,2026-08-08T21:00:00,225.4,115.7,82.64,19.2,Medido
MED-1521,ATV-001,2026-08-08T22:00:00,3.6,55.44,93.85,20.7,Medido
MED-1522,ATV-002,2026-08-08T22:00:00,159.38,76.91,80.74,18.6,Medido
MED-1523,ATV-003,2026-08-08T22:00:00,313.6,104.05,97.63,20.0,Medido
MED-1524,ATV-004,2026-08-08T22:00:00,118.05,77.42,85.12,22.0,Medido
MED-1525,ATV-005,2026-08-08T22:00:00,343.0,121.54,99.7,21.1,Medido
MED-1526,ATV-006,2026-08-08T22:00:00,3.2,72.28,98.03,19.3,Medido
MED-1527,ATV-007,2026-08-08T22:00:00,392.0,144.69,97.74,16.3,Medido
MED-1528,ATV-008,2026-08-08T22:00:00,225.4,101.08,82.64,16.7,Medido
MED-1529,ATV-001,2026-08-08T23:00:00,3.6,55.44,93.85,18.6,Medido
MED-1530,ATV-002,2026-08-08T23:00:00,150.41,76.91,80.74,16.5,Medido
MED-1531,ATV-003,2026-08-08T23:00:00,313.6,104.05,97.63,17.9,Medido
MED-1532,ATV-004,2026-08-08T23:00:00,120.86,77.42,85.12,19.9,Medido
MED-1533,ATV-005,2026-08-08T23:00:00,343.0,121.54,99.7,19.0,Medido
MED-1534,ATV-006,2026-08-08T23:00:00,3.2,72.28,98.03,17.3,Medido
MED-1535,ATV-007,2026-08-08T23:00:00,392.0,144.69,97.74,14.2,Medido
MED-1536,ATV-008,2026-08-08T23:00:00,225.4,101.08,82.64,14.7,Medido
MED-1537,ATV-001,2026-08-09T00:00:00,3.6,60.53,93.56,17.0,Medido
MED-1538,ATV-002,2026-08-09T00:00:00,235.2,83.71,81.37,14.9,Medido
MED-1539,ATV-003,2026-08-09T00:00:00,313.6,113.11,98.61,16.3,Medido
MED-1540,ATV-004,2026-08-09T00:00:00,205.8,83.37,85.55,18.3,Medido
MED-1541,ATV-005,2026-08-09T00:00:00,343.0,131.45,99.7,17.4,Medido
MED-1542,ATV-006,2026-08-09T00:00:00,3.2,76.8,97.04,15.7,Medido
MED-1543,ATV-007,2026-08-09T00:00:00,392.0,156.01,97.19,12.6,Medido
MED-1544,ATV-008,2026-08-09T00:00:00,207.27,107.59,83.04,13.1,Medido
MED-1545,ATV-001,2026-08-09T01:00:00,3.6,60.53,93.56,16.1,Medido
MED-1546,ATV-002,2026-08-09T01:00:00,235.2,83.71,81.37,13.9,Medido
MED-1547,ATV-003,2026-08-09T01:00:00,313.6,113.11,98.61,15.3,Medido
MED-1548,ATV-004,2026-08-09T01:00:00,205.8,83.37,85.55,17.3,Medido
MED-1549,ATV-005,2026-08-09T01:00:00,343.0,131.45,99.7,16.4,Medido
MED-1550,ATV-006,2026-08-09T01:00:00,3.2,76.8,97.04,14.7,Medido
MED-1551,ATV-007,2026-08-09T01:00:00,392.0,156.01,97.19,11.6,Medido
MED-1552,ATV-008,2026-08-09T01:00:00,193.35,107.59,83.04,12.1,Medido
MED-1553,ATV-001,2026-08-09T02:00:00,3.6,60.53,93.56,15.7,Medido
MED-1554,ATV-002,2026-08-09T02:00:00,235.2,83.71,81.37,13.6,Medido
MED-1555,ATV-003,2026-08-09T02:00:00,313.6,113.11,98.61,15.0,Medido
MED-1556,ATV-004,2026-08-09T02:00:00,205.8,83.37,85.55,17.0,Medido
MED-1557,ATV-005,2026-08-09T02:00:00,343.0,131.45,99.7,16.1,Medido
MED-1558,ATV-006,2026-08-09T02:00:00,3.2,76.8,97.04,14.3,Medido
MED-1559,ATV-007,2026-08-09T02:00:00,392.0,156.01,97.19,11.3,Medido
MED-1560,ATV-008,2026-08-09T02:00:00,180.31,107.59,83.04,11.7,Medido
MED-1561,ATV-001,2026-08-09T03:00:00,3.6,60.53,93.56,16.1,Medido
MED-1562,ATV-002,2026-08-09T03:00:00,235.2,83.71,81.37,13.9,Medido
MED-1563,ATV-003,2026-08-09T03:00:00,313.6,113.11,98.61,15.3,Medido
MED-1564,ATV-004,2026-08-09T03:00:00,205.8,83.37,85.55,17.3,Medido
MED-1565,ATV-005,2026-08-09T03:00:00,343.0,131.45,99.7,16.4,Medido
MED-1566,ATV-006,2026-08-09T03:00:00,3.2,76.8,97.04,14.7,Medido
MED-1567,ATV-007,2026-08-09T03:00:00,392.0,156.01,97.19,11.6,Medido
MED-1568,ATV-008,2026-08-09T03:00:00,168.42,107.59,83.04,12.1,Medido
MED-1569,ATV-001,2026-08-09T04:00:00,3.6,60.53,93.56,17.0,Medido
MED-1570,ATV-002,2026-08-09T04:00:00,235.2,83.71,81.37,14.9,Medido
MED-1571,ATV-003,2026-08-09T04:00:00,313.6,113.11,98.61,16.3,Medido
MED-1572,ATV-004,2026-08-09T04:00:00,205.8,83.37,85.55,18.3,Medido
MED-1573,ATV-005,2026-08-09T04:00:00,343.0,131.45,99.7,17.4,Medido
MED-1574,ATV-006,2026-08-09T04:00:00,3.2,76.8,97.04,15.7,Medido
MED-1575,ATV-007,2026-08-09T04:00:00,392.0,156.01,97.19,12.6,Medido
MED-1576,ATV-008,2026-08-09T04:00:00,157.92,107.59,83.04,13.1,Medido
MED-1577,ATV-001,2026-08-09T05:00:00,3.6,60.53,93.56,18.6,Medido
MED-1578,ATV-002,2026-08-09T05:00:00,235.2,83.71,81.37,16.5,Medido
MED-1579,ATV-003,2026-08-09T05:00:00,313.6,113.11,98.61,17.9,Medido
MED-1580,ATV-004,2026-08-09T05:00:00,205.8,83.37,85.55,19.9,Medido
MED-1581,ATV-005,2026-08-09T05:00:00,343.0,131.45,99.7,19.0,Medido
MED-1582,ATV-006,2026-08-09T05:00:00,3.2,76.8,97.04,17.3,Medido
MED-1583,ATV-007,2026-08-09T05:00:00,392.0,156.01,97.19,14.2,Medido
MED-1584,ATV-008,2026-08-09T05:00:00,149.03,107.59,83.04,14.7,Medido
MED-1585,ATV-001,2026-08-09T06:00:00,3.6,60.53,93.56,20.7,Medido
MED-1586,ATV-002,2026-08-09T06:00:00,235.2,83.71,81.37,18.6,Medido
MED-1587,ATV-003,2026-08-09T06:00:00,313.6,113.11,98.61,20.0,Medido
MED-1588,ATV-004,2026-08-09T06:00:00,205.8,83.37,85.55,22.0,Medido
MED-1589,ATV-005,2026-08-09T06:00:00,343.0,131.45,99.7,21.1,Medido
MED-1590,ATV-006,2026-08-09T06:00:00,3.2,76.8,97.04,19.3,Medido
MED-1591,ATV-007,2026-08-09T06:00:00,392.0,156.01,97.19,16.3,Medido
MED-1592,ATV-008,2026-08-09T06:00:00,141.92,107.59,83.04,16.7,Medido
MED-1593,ATV-001,2026-08-09T07:00:00,53.99,60.53,93.56,23.1,Medido
MED-1594,ATV-002,2026-08-09T07:00:00,235.2,83.71,81.37,21.0,Medido
MED-1595,ATV-003,2026-08-09T07:00:00,313.6,113.11,98.61,22.4,Medido
MED-1596,ATV-004,2026-08-09T07:00:00,205.8,83.37,85.55,24.4,Medido
MED-1597,ATV-005,2026-08-09T07:00:00,343.0,131.45,99.7,23.5,Medido
MED-1598,ATV-006,2026-08-09T07:00:00,48.0,76.8,97.04,21.7,Medido
MED-1599,ATV-007,2026-08-09T07:00:00,392.0,156.01,97.19,18.7,Medido
MED-1600,ATV-008,2026-08-09T07:00:00,136.75,107.59,83.04,19.2,Medido
MED-1601,ATV-001,2026-08-09T08:00:00,104.31,73.11,93.56,25.7,Medido
MED-1602,ATV-002,2026-08-09T08:00:00,235.2,100.48,81.37,23.6,Medido
MED-1603,ATV-003,2026-08-09T08:00:00,313.6,135.47,98.61,25.0,Medido
MED-1604,ATV-004,2026-08-09T08:00:00,205.8,98.04,85.55,27.0,Medido
MED-1605,ATV-005,2026-08-09T08:00:00,343.0,155.9,99.7,26.1,Medido
MED-1606,ATV-006,2026-08-09T08:00:00,92.72,87.98,97.04,24.3,Medido
MED-1607,ATV-007,2026-08-09T08:00:00,392.0,183.96,97.19,21.3,Medido
MED-1608,ATV-008,2026-08-09T08:00:00,133.62,123.66,83.04,21.7,Medido
MED-1609,ATV-001,2026-08-09T09:00:00,147.52,73.11,93.56,28.3,Medido
MED-1610,ATV-002,2026-08-09T09:00:00,235.2,100.48,81.37,26.2,Medido
MED-1611,ATV-003,2026-08-09T09:00:00,313.6,135.47,98.61,27.6,Medido
MED-1612,ATV-004,2026-08-09T09:00:00,205.8,98.04,85.55,29.6,Medido
MED-1613,ATV-005,2026-08-09T09:00:00,343.0,155.9,99.7,28.7,Medido
MED-1614,ATV-006,2026-08-09T09:00:00,131.13,87.98,97.04,26.9,Medido
MED-1615,ATV-007,2026-08-09T09:00:00,392.0,183.96,97.19,23.9,Medido
MED-1616,ATV-008,2026-08-09T09:00:00,132.58,123.66,83.04,24.3,Estimado
MED-1617,ATV-001,2026-08-09T10:00:00,176.4,73.11,93.56,30.7,Medido
MED-1618,ATV-002,2026-08-09T10:00:00,235.2,100.48,81.37,28.6,Medido
MED-1619,ATV-003,2026-08-09T10:00:00,313.6,135.47,98.61,30.0,Medido
MED-1620,ATV-004,2026-08-09T10:00:00,205.8,98.04,85.55,32.0,Medido
MED-1621,ATV-005,2026-08-09T10:00:00,343.0,155.9,99.7,31.1,Medido
MED-1622,ATV-006,2026-08-09T10:00:00,156.8,87.98,97.04,29.3,Medido
MED-1623,ATV-007,2026-08-09T10:00:00,392.0,183.96,97.19,26.3,Estimado
MED-1624,ATV-008,2026-08-09T10:00:00,133.67,123.66,83.04,26.7,Medido
MED-1625,ATV-001,2026-08-09T11:00:00,176.4,73.11,93.56,32.8,Medido
MED-1626,ATV-002,2026-08-09T11:00:00,235.2,100.48,81.37,30.7,Medido
MED-1627,ATV-003,2026-08-09T11:00:00,313.6,135.47,98.61,32.1,Medido
MED-1628,ATV-004,2026-08-09T11:00:00,202.51,98.04,85.55,34.1,Medido
MED-1629,ATV-005,2026-08-09T11:00:00,343.0,155.9,99.7,33.2,Medido
MED-1630,ATV-006,2026-08-09T11:00:00,156.8,87.98,97.04,31.4,Estimado
MED-1631,ATV-007,2026-08-09T11:00:00,392.0,183.96,97.19,28.4,Medido
MED-1632,ATV-008,2026-08-09T11:00:00,136.86,123.66,83.04,28.8,Medido
MED-1633,ATV-001,2026-08-09T12:00:00,176.4,73.11,93.56,34.4,Medido
MED-1634,ATV-002,2026-08-09T12:00:00,235.2,100.48,81.37,32.3,Medido
MED-1635,ATV-003,2026-08-09T12:00:00,313.6,135.47,98.61,33.6,Medido
MED-1636,ATV-004,2026-08-09T12:00:00,189.25,98.04,85.55,35.7,Medido
MED-1637,ATV-005,2026-08-09T12:00:00,343.0,155.9,99.7,34.7,Estimado
MED-1638,ATV-006,2026-08-09T12:00:00,156.8,87.98,97.04,33.0,Medido
MED-1639,ATV-007,2026-08-09T12:00:00,392.0,183.96,97.19,30.0,Medido
MED-1640,ATV-008,2026-08-09T12:00:00,142.09,123.66,83.04,30.4,Medido
MED-1641,ATV-001,2026-08-09T13:00:00,176.4,73.11,93.56,35.4,Medido
MED-1642,ATV-002,2026-08-09T13:00:00,235.2,100.48,81.37,33.3,Medido
MED-1643,ATV-003,2026-08-09T13:00:00,313.6,135.47,98.61,34.6,Medido
MED-1644,ATV-004,2026-08-09T13:00:00,176.53,98.04,85.55,36.7,Estimado
MED-1645,ATV-005,2026-08-09T13:00:00,343.0,155.9,99.7,35.7,Medido
MED-1646,ATV-006,2026-08-09T13:00:00,156.8,87.98,97.04,34.0,Medido
MED-1647,ATV-007,2026-08-09T13:00:00,392.0,183.96,97.19,31.0,Medido
MED-1648,ATV-008,2026-08-09T13:00:00,149.24,123.66,83.04,31.4,Medido
MED-1649,ATV-001,2026-08-09T14:00:00,176.4,73.11,93.56,35.7,Medido
MED-1650,ATV-002,2026-08-09T14:00:00,235.2,100.48,81.37,33.6,Medido
MED-1651,ATV-003,2026-08-09T14:00:00,313.6,135.47,98.61,35.0,Estimado
MED-1652,ATV-004,2026-08-09T14:00:00,164.63,98.04,85.55,37.0,Medido
MED-1653,ATV-005,2026-08-09T14:00:00,343.0,155.9,99.7,36.1,Medido
MED-1654,ATV-006,2026-08-09T14:00:00,156.8,87.98,97.04,34.3,Medido
MED-1655,ATV-007,2026-08-09T14:00:00,392.0,183.96,97.19,31.3,Medido
MED-1656,ATV-008,2026-08-09T14:00:00,158.18,123.66,83.04,31.7,Medido
MED-1657,ATV-001,2026-08-09T15:00:00,147.52,73.11,93.56,35.4,Medido
MED-1658,ATV-002,2026-08-09T15:00:00,235.2,100.48,81.37,33.3,Estimado
MED-1659,ATV-003,2026-08-09T15:00:00,313.6,135.47,98.61,34.6,Medido
MED-1660,ATV-004,2026-08-09T15:00:00,153.77,98.04,85.55,36.7,Medido
MED-1661,ATV-005,2026-08-09T15:00:00,343.0,155.9,99.7,35.7,Medido
MED-1662,ATV-006,2026-08-09T15:00:00,131.13,87.98,97.04,34.0,Medido
MED-1663,ATV-007,2026-08-09T15:00:00,392.0,183.96,97.19,31.0,Medido
MED-1664,ATV-008,2026-08-09T15:00:00,168.71,123.66,83.04,31.4,Medido
MED-1665,ATV-001,2026-08-09T16:00:00,104.31,73.11,93.56,34.4,Estimado
MED-1666,ATV-002,2026-08-09T16:00:00,235.2,100.48,81.37,32.3,Medido
MED-1667,ATV-003,2026-08-09T16:00:00,313.6,135.47,98.61,33.6,Medido
MED-1668,ATV-004,2026-08-09T16:00:00,144.19,98.04,85.55,35.7,Medido
MED-1669,ATV-005,2026-08-09T16:00:00,343.0,155.9,99.7,34.7,Medido
MED-1670,ATV-006,2026-08-09T16:00:00,92.72,87.98,97.04,33.0,Medido
MED-1671,ATV-007,2026-08-09T16:00:00,392.0,183.96,97.19,30.0,Medido
MED-1672,ATV-008,2026-08-09T16:00:00,180.64,123.66,83.04,30.4,Medido
MED-1673,ATV-001,2026-08-09T17:00:00,53.99,73.11,93.56,32.8,Medido
MED-1674,ATV-002,2026-08-09T17:00:00,231.44,100.48,81.37,30.7,Medido
MED-1675,ATV-003,2026-08-09T17:00:00,313.6,135.47,98.61,32.1,Medido
MED-1676,ATV-004,2026-08-09T17:00:00,136.07,98.04,85.55,34.1,Medido
MED-1677,ATV-005,2026-08-09T17:00:00,343.0,155.9,99.7,33.2,Medido
MED-1678,ATV-006,2026-08-09T17:00:00,48.0,87.98,97.04,31.4,Medido
MED-1679,ATV-007,2026-08-09T17:00:00,392.0,183.96,97.19,28.4,Medido
MED-1680,ATV-008,2026-08-09T17:00:00,193.7,123.66,83.04,28.8,Medido
MED-1681,ATV-001,2026-08-09T18:00:00,3.6,73.11,93.56,30.7,Medido
MED-1682,ATV-002,2026-08-09T18:00:00,216.28,100.48,81.37,28.6,Medido
MED-1683,ATV-003,2026-08-09T18:00:00,313.6,135.47,98.61,30.0,Medido
MED-1684,ATV-004,2026-08-09T18:00:00,129.58,98.04,85.55,32.0,Medido
MED-1685,ATV-005,2026-08-09T18:00:00,343.0,155.9,99.7,31.1,Medido
MED-1686,ATV-006,2026-08-09T18:00:00,3.2,87.98,97.04,29.3,Medido
MED-1687,ATV-007,2026-08-09T18:00:00,392.0,183.96,97.19,26.3,Medido
MED-1688,ATV-008,2026-08-09T18:00:00,207.65,123.66,83.04,26.7,Medido
MED-1689,ATV-001,2026-08-09T19:00:00,3.6,73.11,93.56,28.3,Medido
MED-1690,ATV-002,2026-08-09T19:00:00,201.75,100.48,81.37,26.2,Medido
MED-1691,ATV-003,2026-08-09T19:00:00,313.6,135.47,98.61,27.6,Medido
MED-1692,ATV-004,2026-08-09T19:00:00,124.86,98.04,85.55,29.6,Medido
MED-1693,ATV-005,2026-08-09T19:00:00,343.0,155.9,99.7,28.7,Medido
MED-1694,ATV-006,2026-08-09T19:00:00,3.2,87.98,97.04,26.9,Medido
MED-1695,ATV-007,2026-08-09T19:00:00,392.0,183.96,97.19,23.9,Medido
MED-1696,ATV-008,2026-08-09T19:00:00,222.19,123.66,83.04,24.3,Medido
MED-1697,ATV-001,2026-08-09T20:00:00,3.6,73.11,93.56,25.7,Medido
MED-1698,ATV-002,2026-08-09T20:00:00,188.14,100.48,81.37,23.6,Medido
MED-1699,ATV-003,2026-08-09T20:00:00,313.6,135.47,98.61,25.0,Medido
MED-1700,ATV-004,2026-08-09T20:00:00,122.0,98.04,85.55,27.0,Medido
MED-1701,ATV-005,2026-08-09T20:00:00,343.0,155.9,99.7,26.1,Medido
MED-1702,ATV-006,2026-08-09T20:00:00,3.2,87.98,97.04,24.3,Medido
MED-1703,ATV-007,2026-08-09T20:00:00,392.0,183.96,97.19,21.3,Medido
MED-1704,ATV-008,2026-08-09T20:00:00,225.4,123.66,83.04,21.7,Medido
MED-1705,ATV-001,2026-08-09T21:00:00,3.6,73.11,93.56,23.1,Medido
MED-1706,ATV-002,2026-08-09T21:00:00,175.74,100.48,81.37,21.0,Medido
MED-1707,ATV-003,2026-08-09T21:00:00,313.6,135.47,98.61,22.4,Medido
MED-1708,ATV-004,2026-08-09T21:00:00,121.05,98.04,85.55,24.4,Medido
MED-1709,ATV-005,2026-08-09T21:00:00,343.0,155.9,99.7,23.5,Medido
MED-1710,ATV-006,2026-08-09T21:00:00,3.2,87.98,97.04,21.7,Medido
MED-1711,ATV-007,2026-08-09T21:00:00,392.0,183.96,97.19,18.7,Medido
MED-1712,ATV-008,2026-08-09T21:00:00,225.4,123.66,83.04,19.2,Medido
MED-1713,ATV-001,2026-08-09T22:00:00,3.6,60.53,93.56,20.7,Medido
MED-1714,ATV-002,2026-08-09T22:00:00,164.78,83.71,81.37,18.6,Medido
MED-1715,ATV-003,2026-08-09T22:00:00,313.6,113.11,98.61,20.0,Medido
MED-1716,ATV-004,2026-08-09T22:00:00,122.05,83.37,85.55,22.0,Medido
MED-1717,ATV-005,2026-08-09T22:00:00,343.0,131.45,99.7,21.1,Medido
MED-1718,ATV-006,2026-08-09T22:00:00,3.2,76.8,97.04,19.3,Medido
MED-1719,ATV-007,2026-08-09T22:00:00,392.0,156.01,97.19,16.3,Medido
MED-1720,ATV-008,2026-08-09T22:00:00,225.4,107.59,83.04,16.7,Medido
MED-1721,ATV-001,2026-08-09T23:00:00,3.6,60.53,93.56,18.6,Medido
MED-1722,ATV-002,2026-08-09T23:00:00,155.51,83.71,81.37,16.5,Medido
MED-1723,ATV-003,2026-08-09T23:00:00,313.6,113.11,98.61,17.9,Medido
MED-1724,ATV-004,2026-08-09T23:00:00,124.96,83.37,85.55,19.9,Medido
MED-1725,ATV-005,2026-08-09T23:00:00,343.0,131.45,99.7,19.0,Medido
MED-1726,ATV-006,2026-08-09T23:00:00,3.2,76.8,97.04,17.3,Medido
MED-1727,ATV-007,2026-08-09T23:00:00,392.0,156.01,97.19,14.2,Medido
MED-1728,ATV-008,2026-08-09T23:00:00,225.4,107.59,83.04,14.7,Medido
MED-1729,ATV-001,2026-08-10T00:00:00,3.6,93.64,87.71,14.0,Medido
MED-1730,ATV-002,2026-08-10T00:00:00,155.92,127.85,82.28,11.9,Medido
MED-1731,ATV-003,2026-08-10T00:00:00,195.88,171.97,99.44,13.3,Medido
MED-1732,ATV-004,2026-08-10T00:00:00,146.96,121.99,85.54,15.3,Medido
MED-1733,ATV-005,2026-08-10T00:00:00,214.24,195.82,99.27,14.4,Medido
MED-1734,ATV-006,2026-08-10T00:00:00,3.2,106.23,90.14,12.7,Medido
MED-1735,ATV-007,2026-08-10T00:00:00,244.85,229.58,97.06,9.6,Medido
MED-1736,ATV-008,2026-08-10T00:00:00,98.16,149.9,83.79,10.1,Medido
MED-1737,ATV-001,2026-08-10T01:00:00,3.6,93.64,87.71,13.1,Medido
MED-1738,ATV-002,2026-08-10T01:00:00,160.32,127.85,82.28,10.9,Medido
MED-1739,ATV-003,2026-08-10T01:00:00,196.71,171.97,99.44,12.3,Medido
MED-1740,ATV-004,2026-08-10T01:00:00,145.59,121.99,85.54,14.3,Medido
MED-1741,ATV-005,2026-08-10T01:00:00,215.15,195.82,99.27,13.4,Medido
MED-1742,ATV-006,2026-08-10T01:00:00,3.2,106.23,90.14,11.7,Medido
MED-1743,ATV-007,2026-08-10T01:00:00,245.89,229.58,97.06,8.6,Medido
MED-1744,ATV-008,2026-08-10T01:00:00,91.57,149.9,83.79,9.1,Medido
MED-1745,ATV-001,2026-08-10T02:00:00,3.6,93.64,87.71,12.7,Medido
MED-1746,ATV-002,2026-08-10T02:00:00,163.84,127.85,82.28,10.6,Medido
MED-1747,ATV-003,2026-08-10T02:00:00,197.54,171.97,99.44,12.0,Medido
MED-1748,ATV-004,2026-08-10T02:00:00,143.33,121.99,85.54,14.0,Medido
MED-1749,ATV-005,2026-08-10T02:00:00,216.05,195.82,99.27,13.1,Medido
MED-1750,ATV-006,2026-08-10T02:00:00,3.2,106.23,90.14,11.3,Medido
MED-1751,ATV-007,2026-08-10T02:00:00,246.92,229.58,97.06,8.3,Medido
MED-1752,ATV-008,2026-08-10T02:00:00,85.39,149.9,83.79,8.7,Medido
MED-1753,ATV-001,2026-08-10T03:00:00,3.6,93.64,87.71,13.1,Medido
MED-1754,ATV-002,2026-08-10T03:00:00,166.4,127.85,82.28,10.9,Medido
MED-1755,ATV-003,2026-08-10T03:00:00,198.35,171.97,99.44,12.3,Medido
MED-1756,ATV-004,2026-08-10T03:00:00,140.25,121.99,85.54,14.3,Medido
MED-1757,ATV-005,2026-08-10T03:00:00,216.94,195.82,99.27,13.4,Medido
MED-1758,ATV-006,2026-08-10T03:00:00,3.2,106.23,90.14,11.7,Medido
MED-1759,ATV-007,2026-08-10T03:00:00,247.94,229.58,97.06,8.6,Medido
MED-1760,ATV-008,2026-08-10T03:00:00,79.76,149.9,83.79,9.1,Medido
MED-1761,ATV-001,2026-08-10T04:00:00,3.6,93.64,87.71,14.0,Medido
MED-1762,ATV-002,2026-08-10T04:00:00,167.96,127.85,82.28,11.9,Medido
MED-1763,ATV-003,2026-08-10T04:00:00,199.15,171.97,99.44,13.3,Medido
MED-1764,ATV-004,2026-08-10T04:00:00,136.39,121.99,85.54,15.3,Medido
MED-1765,ATV-005,2026-08-10T04:00:00,217.82,195.82,99.27,14.4,Medido
MED-1766,ATV-006,2026-08-10T04:00:00,3.2,106.23,90.14,12.7,Medido
MED-1767,ATV-007,2026-08-10T04:00:00,248.93,229.58,97.06,9.6,Medido
MED-1768,ATV-008,2026-08-10T04:00:00,74.79,149.9,83.79,10.1,Estimado
MED-1769,ATV-001,2026-08-10T05:00:00,3.6,93.64,87.71,15.6,Medido
MED-1770,ATV-002,2026-08-10T05:00:00,168.48,127.85,82.28,13.5,Medido
MED-1771,ATV-003,2026-08-10T05:00:00,199.92,171.97,99.44,14.9,Medido
MED-1772,ATV-004,2026-08-10T05:00:00,131.84,121.99,85.54,16.9,Medido
MED-1773,ATV-005,2026-08-10T05:00:00,218.66,195.82,99.27,16.0,Medido
MED-1774,ATV-006,2026-08-10T05:00:00,3.2,106.23,90.14,14.3,Medido
MED-1775,ATV-007,2026-08-10T05:00:00,249.9,229.58,97.06,11.2,Estimado
MED-1776,ATV-008,2026-08-10T05:00:00,70.58,149.9,83.79,11.7,Medido
MED-1777,ATV-001,2026-08-10T06:00:00,3.6,93.64,87.71,17.7,Medido
MED-1778,ATV-002,2026-08-10T06:00:00,167.95,127.85,82.28,15.6,Medido
MED-1779,ATV-003,2026-08-10T06:00:00,200.67,171.97,99.44,17.0,Medido
MED-1780,ATV-004,2026-08-10T06:00:00,126.69,121.99,85.54,19.0,Medido
MED-1781,ATV-005,2026-08-10T06:00:00,219.48,195.82,99.27,18.1,Medido
MED-1782,ATV-006,2026-08-10T06:00:00,3.2,106.23,90.14,16.3,Estimado
MED-1783,ATV-007,2026-08-10T06:00:00,250.83,229.58,97.06,13.3,Medido
MED-1784,ATV-008,2026-08-10T06:00:00,67.21,149.9,83.79,13.7,Medido
MED-1785,ATV-001,2026-08-10T07:00:00,26.53,93.64,87.71,20.1,Medido
MED-1786,ATV-002,2026-08-10T07:00:00,166.38,127.85,82.28,18.0,Medido
MED-1787,ATV-003,2026-08-10T07:00:00,201.38,171.97,99.44,19.4,Medido
MED-1788,ATV-004,2026-08-10T07:00:00,121.04,121.99,85.54,21.4,Medido
MED-1789,ATV-005,2026-08-10T07:00:00,220.26,195.82,99.27,20.5,Estimado
MED-1790,ATV-006,2026-08-10T07:00:00,23.58,106.23,90.14,18.7,Medido
MED-1791,ATV-007,2026-08-10T07:00:00,251.72,229.58,97.06,15.7,Medido
MED-1792,ATV-008,2026-08-10T07:00:00,64.76,149.9,83.79,16.2,Medido
MED-1793,ATV-001,2026-08-10T08:00:00,51.25,113.65,87.71,22.7,Medido
MED-1794,ATV-002,2026-08-10T08:00:00,163.81,154.53,82.28,20.6,Medido
MED-1795,ATV-003,2026-08-10T08:00:00,202.05,207.54,99.44,22.0,Medido
MED-1796,ATV-004,2026-08-10T08:00:00,115.02,145.34,85.54,24.0,Estimado
MED-1797,ATV-005,2026-08-10T08:00:00,221.0,234.73,99.27,23.1,Medido
MED-1798,ATV-006,2026-08-10T08:00:00,45.55,124.02,90.14,21.3,Medido
MED-1799,ATV-007,2026-08-10T08:00:00,252.57,274.05,97.06,18.3,Medido
MED-1800,ATV-008,2026-08-10T08:00:00,63.28,175.47,83.79,18.7,Medido
MED-1801,ATV-001,2026-08-10T09:00:00,72.47,113.65,87.71,25.3,Medido
MED-1802,ATV-002,2026-08-10T09:00:00,160.28,154.53,82.28,23.2,Medido
MED-1803,ATV-003,2026-08-10T09:00:00,202.68,207.54,99.44,24.6,Estimado
MED-1804,ATV-004,2026-08-10T09:00:00,108.73,145.34,85.54,26.6,Medido
MED-1805,ATV-005,2026-08-10T09:00:00,221.69,234.73,99.27,25.7,Medido
MED-1806,ATV-006,2026-08-10T09:00:00,64.42,124.02,90.14,23.9,Medido
MED-1807,ATV-007,2026-08-10T09:00:00,253.36,274.05,97.06,20.9,Medido
MED-1808,ATV-008,2026-08-10T09:00:00,62.79,175.47,83.79,21.3,Medido
MED-1809,ATV-001,2026-08-10T10:00:00,88.76,113.65,87.71,27.7,Medido
MED-1810,ATV-002,2026-08-10T10:00:00,155.87,154.53,82.28,25.6,Estimado
MED-1811,ATV-003,2026-08-10T10:00:00,203.27,207.54,99.44,27.0,Medido
MED-1812,ATV-004,2026-08-10T10:00:00,102.32,145.34,85.54,29.0,Medido
MED-1813,ATV-005,2026-08-10T10:00:00,222.33,234.73,99.27,28.1,Medido
MED-1814,ATV-006,2026-08-10T10:00:00,78.9,124.02,90.14,26.3,Medido
MED-1815,ATV-007,2026-08-10T10:00:00,254.09,274.05,97.06,23.3,Medido
MED-1816,ATV-008,2026-08-10T10:00:00,63.31,175.47,83.79,23.7,Medido
MED-1817,ATV-001,2026-08-10T11:00:00,99.0,113.65,87.71,29.8,Estimado
MED-1818,ATV-002,2026-08-10T11:00:00,150.67,154.53,82.28,27.7,Medido
MED-1819,ATV-003,2026-08-10T11:00:00,203.8,207.54,99.44,29.1,Medido
MED-1820,ATV-004,2026-08-10T11:00:00,95.91,145.34,85.54,31.1,Medido
MED-1821,ATV-005,2026-08-10T11:00:00,222.91,234.73,99.27,30.2,Medido
MED-1822,ATV-006,2026-08-10T11:00:00,88.0,124.02,90.14,28.4,Medido
MED-1823,ATV-007,2026-08-10T11:00:00,254.75,274.05,97.06,25.4,Medido
MED-1824,ATV-008,2026-08-10T11:00:00,64.82,175.47,83.79,25.8,Medido
MED-1825,ATV-001,2026-08-10T12:00:00,102.49,113.65,87.71,31.4,Medido
MED-1826,ATV-002,2026-08-10T12:00:00,144.79,154.53,82.28,29.3,Medido
MED-1827,ATV-003,2026-08-10T12:00:00,204.28,207.54,99.44,30.6,Medido
MED-1828,ATV-004,2026-08-10T12:00:00,89.62,145.34,85.54,32.7,Medido
MED-1829,ATV-005,2026-08-10T12:00:00,223.43,234.73,99.27,31.7,Medido
MED-1830,ATV-006,2026-08-10T12:00:00,91.1,124.02,90.14,30.0,Medido
MED-1831,ATV-007,2026-08-10T12:00:00,255.35,274.05,97.06,27.0,Medido
MED-1832,ATV-008,2026-08-10T12:00:00,67.29,175.47,83.79,27.4,Medido
MED-1833,ATV-001,2026-08-10T13:00:00,99.0,113.65,87.71,32.4,Medido
MED-1834,ATV-002,2026-08-10T13:00:00,138.33,154.53,82.28,30.3,Medido
MED-1835,ATV-003,2026-08-10T13:00:00,204.7,207.54,99.44,31.6,Medido
MED-1836,ATV-004,2026-08-10T13:00:00,83.6,145.34,85.54,33.7,Medido
MED-1837,ATV-005,2026-08-10T13:00:00,223.89,234.73,99.27,32.7,Medido
MED-1838,ATV-006,2026-08-10T13:00:00,88.0,124.02,90.14,31.0,Medido
MED-1839,ATV-007,2026-08-10T13:00:00,255.88,274.05,97.06,28.0,Medido
MED-1840,ATV-008,2026-08-10T13:00:00,70.68,175.47,83.79,28.4,Medido
MED-1841,ATV-001,2026-08-10T14:00:00,88.76,113.65,87.71,32.7,Medido
MED-1842,ATV-002,2026-08-10T14:00:00,131.45,154.53,82.28,30.6,Medido
MED-1843,ATV-003,2026-08-10T14:00:00,205.06,207.54,99.44,32.0,Medido
MED-1844,ATV-004,2026-08-10T14:00:00,77.97,145.34,85.54,34.0,Medido
MED-1845,ATV-005,2026-08-10T14:00:00,224.28,234.73,99.27,33.1,Medido
MED-1846,ATV-006,2026-08-10T14:00:00,78.9,124.02,90.14,31.3,Medido
MED-1847,ATV-007,2026-08-10T14:00:00,256.32,274.05,97.06,28.3,Medido
MED-1848,ATV-008,2026-08-10T14:00:00,74.91,175.47,83.79,28.7,Medido
MED-1849,ATV-001,2026-08-10T15:00:00,72.47,113.65,87.71,32.4,Medido
MED-1850,ATV-002,2026-08-10T15:00:00,124.26,154.53,82.28,30.3,Medido
MED-1851,ATV-003,2026-08-10T15:00:00,205.35,207.54,99.44,31.6,Medido
MED-1852,ATV-004,2026-08-10T15:00:00,72.82,145.34,85.54,33.7,Medido
MED-1853,ATV-005,2026-08-10T15:00:00,224.61,234.73,99.27,32.7,Medido
MED-1854,ATV-006,2026-08-10T15:00:00,64.42,124.02,90.14,31.0,Medido
MED-1855,ATV-007,2026-08-10T15:00:00,256.69,274.05,97.06,28.0,Medido
MED-1856,ATV-008,2026-08-10T15:00:00,79.9,175.47,83.79,28.4,Medido
MED-1857,ATV-001,2026-08-10T16:00:00,51.25,113.65,87.71,31.4,Medido
MED-1858,ATV-002,2026-08-10T16:00:00,116.93,154.53,82.28,29.3,Medido
MED-1859,ATV-003,2026-08-10T16:00:00,205.58,207.54,99.44,30.6,Medido
MED-1860,ATV-004,2026-08-10T16:00:00,68.28,145.34,85.54,32.7,Medido
MED-1861,ATV-005,2026-08-10T16:00:00,224.86,234.73,99.27,31.7,Medido
MED-1862,ATV-006,2026-08-10T16:00:00,45.55,124.02,90.14,30.0,Medido
MED-1863,ATV-007,2026-08-10T16:00:00,256.98,274.05,97.06,27.0,Medido
MED-1864,ATV-008,2026-08-10T16:00:00,85.55,175.47,83.79,27.4,Medido
MED-1865,ATV-001,2026-08-10T17:00:00,26.53,113.65,87.71,29.8,Medido
MED-1866,ATV-002,2026-08-10T17:00:00,109.61,154.53,82.28,27.7,Medido
MED-1867,ATV-003,2026-08-10T17:00:00,205.74,207.54,99.44,29.1,Medido
MED-1868,ATV-004,2026-08-10T17:00:00,64.44,145.34,85.54,31.1,Medido
MED-1869,ATV-005,2026-08-10T17:00:00,225.03,234.73,99.27,30.2,Medido
MED-1870,ATV-006,2026-08-10T17:00:00,23.58,124.02,90.14,28.4,Medido
MED-1871,ATV-007,2026-08-10T17:00:00,257.18,274.05,97.06,25.4,Medido
MED-1872,ATV-008,2026-08-10T17:00:00,91.74,175.47,83.79,25.8,Medido
MED-1873,ATV-001,2026-08-10T18:00:00,3.6,113.65,87.71,27.7,Medido
MED-1874,ATV-002,2026-08-10T18:00:00,102.43,154.53,82.28,25.6,Medido
MED-1875,ATV-003,2026-08-10T18:00:00,205.84,207.54,99.44,27.0,Medido
MED-1876,ATV-004,2026-08-10T18:00:00,61.37,145.34,85.54,29.0,Medido
MED-1877,ATV-005,2026-08-10T18:00:00,225.14,234.73,99.27,28.1,Medido
MED-1878,ATV-006,2026-08-10T18:00:00,3.2,124.02,90.14,26.3,Medido
MED-1879,ATV-007,2026-08-10T18:00:00,257.3,274.05,97.06,23.3,Medido
MED-1880,ATV-008,2026-08-10T18:00:00,98.34,175.47,83.79,23.7,Medido
MED-1881,ATV-001,2026-08-10T19:00:00,3.6,113.65,87.71,25.3,Medido
MED-1882,ATV-002,2026-08-10T19:00:00,95.55,154.53,82.28,23.2,Medido
MED-1883,ATV-003,2026-08-10T19:00:00,205.86,207.54,99.44,24.6,Medido
MED-1884,ATV-004,2026-08-10T19:00:00,59.13,145.34,85.54,26.6,Medido
MED-1885,ATV-005,2026-08-10T19:00:00,225.16,234.73,99.27,25.7,Medido
MED-1886,ATV-006,2026-08-10T19:00:00,3.2,124.02,90.14,23.9,Medido
MED-1887,ATV-007,2026-08-10T19:00:00,257.33,274.05,97.06,20.9,Medido
MED-1888,ATV-008,2026-08-10T19:00:00,105.22,175.47,83.79,21.3,Medido
MED-1889,ATV-001,2026-08-10T20:00:00,3.6,113.65,87.71,22.7,Medido
MED-1890,ATV-002,2026-08-10T20:00:00,89.1,154.53,82.28,20.6,Medido
MED-1891,ATV-003,2026-08-10T20:00:00,205.82,207.54,99.44,22.0,Medido
MED-1892,ATV-004,2026-08-10T20:00:00,57.78,145.34,85.54,24.0,Medido
MED-1893,ATV-005,2026-08-10T20:00:00,225.11,234.73,99.27,23.1,Medido
MED-1894,ATV-006,2026-08-10T20:00:00,3.2,124.02,90.14,21.3,Medido
MED-1895,ATV-007,2026-08-10T20:00:00,257.27,274.05,97.06,18.3,Medido
MED-1896,ATV-008,2026-08-10T20:00:00,112.25,175.47,83.79,18.7,Medido
MED-1897,ATV-001,2026-08-10T21:00:00,3.6,113.65,87.71,20.1,Medido
MED-1898,ATV-002,2026-08-10T21:00:00,83.23,154.53,82.28,18.0,Medido
MED-1899,ATV-003,2026-08-10T21:00:00,205.7,207.54,99.44,19.4,Medido
MED-1900,ATV-004,2026-08-10T21:00:00,57.33,145.34,85.54,21.4,Medido
MED-1901,ATV-005,2026-08-10T21:00:00,224.99,234.73,99.27,20.5,Medido
MED-1902,ATV-006,2026-08-10T21:00:00,3.2,124.02,90.14,18.7,Medido
MED-1903,ATV-007,2026-08-10T21:00:00,257.13,274.05,97.06,15.7,Medido
MED-1904,ATV-008,2026-08-10T21:00:00,119.27,175.47,83.79,16.2,Medido
MED-1905,ATV-001,2026-08-10T22:00:00,3.6,93.64,87.71,17.7,Medido
MED-1906,ATV-002,2026-08-10T22:00:00,78.04,127.85,82.28,15.6,Medido
MED-1907,ATV-003,2026-08-10T22:00:00,205.52,171.97,99.44,17.0,Medido
MED-1908,ATV-004,2026-08-10T22:00:00,57.8,121.99,85.54,19.0,Medido
MED-1909,ATV-005,2026-08-10T22:00:00,224.79,195.82,99.27,18.1,Medido
MED-1910,ATV-006,2026-08-10T22:00:00,3.2,106.23,90.14,16.3,Medido
MED-1911,ATV-007,2026-08-10T22:00:00,256.9,229.58,97.06,13.3,Medido
MED-1912,ATV-008,2026-08-10T22:00:00,126.15,149.9,83.79,13.7,Medido
MED-1913,ATV-001,2026-08-10T23:00:00,3.6,93.64,87.71,15.6,Medido
MED-1914,ATV-002,2026-08-10T23:00:00,73.65,127.85,82.28,13.5,Medido
MED-1915,ATV-003,2026-08-10T23:00:00,205.27,171.97,99.44,14.9,Medido
MED-1916,ATV-004,2026-08-10T23:00:00,59.18,121.99,85.54,16.9,Medido
MED-1917,ATV-005,2026-08-10T23:00:00,224.52,195.82,99.27,16.0,Medido
MED-1918,ATV-006,2026-08-10T23:00:00,3.2,106.23,90.14,14.3,Medido
MED-1919,ATV-007,2026-08-10T23:00:00,256.59,229.58,97.06,11.2,Medido
MED-1920,ATV-008,2026-08-10T23:00:00,132.74,149.9,83.79,11.7,Estimado
MED-1921,ATV-001,2026-08-11T00:00:00,3.6,99.58,88.27,14.0,Medido
MED-1922,ATV-002,2026-08-11T00:00:00,38.48,135.77,83.27,11.9,Medido
MED-1923,ATV-003,2026-08-11T00:00:00,132.65,182.53,99.7,13.3,Medido
MED-1924,ATV-004,2026-08-11T00:00:00,36.27,128.93,85.09,15.3,Medido
MED-1925,ATV-005,2026-08-11T00:00:00,145.08,207.38,98.29,14.4,Medido
MED-1926,ATV-006,2026-08-11T00:00:00,3.2,111.52,89.52,12.7,Medido
MED-1927,ATV-007,2026-08-11T00:00:00,165.81,242.79,97.37,9.6,Estimado
MED-1928,ATV-008,2026-08-11T00:00:00,24.23,157.49,84.75,10.1,Medido
MED-1929,ATV-001,2026-08-11T01:00:00,3.6,99.58,88.27,13.1,Medido
MED-1930,ATV-002,2026-08-11T01:00:00,39.57,135.77,83.27,10.9,Medido
MED-1931,ATV-003,2026-08-11T01:00:00,133.23,182.53,99.7,12.3,Medido
MED-1932,ATV-004,2026-08-11T01:00:00,35.93,128.93,85.09,14.3,Medido
MED-1933,ATV-005,2026-08-11T01:00:00,145.72,207.38,98.29,13.4,Medido
MED-1934,ATV-006,2026-08-11T01:00:00,3.2,111.52,89.52,11.7,Estimado
MED-1935,ATV-007,2026-08-11T01:00:00,166.54,242.79,97.37,8.6,Medido
MED-1936,ATV-008,2026-08-11T01:00:00,22.6,157.49,84.75,9.1,Medido
MED-1937,ATV-001,2026-08-11T02:00:00,3.6,99.58,88.27,12.7,Medido
MED-1938,ATV-002,2026-08-11T02:00:00,40.43,135.77,83.27,10.6,Medido
MED-1939,ATV-003,2026-08-11T02:00:00,133.81,182.53,99.7,12.0,Medido
MED-1940,ATV-004,2026-08-11T02:00:00,35.37,128.93,85.09,14.0,Medido
MED-1941,ATV-005,2026-08-11T02:00:00,146.36,207.38,98.29,13.1,Estimado
MED-1942,ATV-006,2026-08-11T02:00:00,3.2,111.52,89.52,11.3,Medido
MED-1943,ATV-007,2026-08-11T02:00:00,167.27,242.79,97.37,8.3,Medido
MED-1944,ATV-008,2026-08-11T02:00:00,21.07,157.49,84.75,8.7,Medido
MED-1945,ATV-001,2026-08-11T03:00:00,3.6,99.58,88.27,13.1,Medido
MED-1946,ATV-002,2026-08-11T03:00:00,41.07,135.77,83.27,10.9,Medido
MED-1947,ATV-003,2026-08-11T03:00:00,134.39,182.53,99.7,12.3,Medido
MED-1948,ATV-004,2026-08-11T03:00:00,34.61,128.93,85.09,14.3,Estimado
MED-1949,ATV-005,2026-08-11T03:00:00,146.99,207.38,98.29,13.4,Medido
MED-1950,ATV-006,2026-08-11T03:00:00,3.2,111.52,89.52,11.7,Medido
MED-1951,ATV-007,2026-08-11T03:00:00,167.99,242.79,97.37,8.6,Medido
MED-1952,ATV-008,2026-08-11T03:00:00,19.68,157.49,84.75,9.1,Medido
MED-1953,ATV-001,2026-08-11T04:00:00,3.6,99.58,88.27,14.0,Medido
MED-1954,ATV-002,2026-08-11T04:00:00,41.45,135.77,83.27,11.9,Medido
MED-1955,ATV-003,2026-08-11T04:00:00,134.95,182.53,99.7,13.3,Estimado
MED-1956,ATV-004,2026-08-11T04:00:00,33.66,128.93,85.09,15.3,Medido
MED-1957,ATV-005,2026-08-11T04:00:00,147.6,207.38,98.29,14.4,Medido
MED-1958,ATV-006,2026-08-11T04:00:00,3.2,111.52,89.52,12.7,Medido
MED-1959,ATV-007,2026-08-11T04:00:00,168.69,242.79,97.37,9.6,Medido
MED-1960,ATV-008,2026-08-11T04:00:00,18.46,157.49,84.75,10.1,Medido
MED-1961,ATV-001,2026-08-11T05:00:00,3.6,99.58,88.27,15.6,Medido
MED-1962,ATV-002,2026-08-11T05:00:00,41.58,135.77,83.27,13.5,Estimado
MED-1963,ATV-003,2026-08-11T05:00:00,135.5,182.53,99.7,14.9,Medido
MED-1964,ATV-004,2026-08-11T05:00:00,32.54,128.93,85.09,16.9,Medido
MED-1965,ATV-005,2026-08-11T05:00:00,148.2,207.38,98.29,16.0,Medido
MED-1966,ATV-006,2026-08-11T05:00:00,3.2,111.52,89.52,14.3,Medido
MED-1967,ATV-007,2026-08-11T05:00:00,169.37,242.79,97.37,11.2,Medido
MED-1968,ATV-008,2026-08-11T05:00:00,17.42,157.49,84.75,11.7,Medido
MED-1969,ATV-001,2026-08-11T06:00:00,3.6,99.58,88.27,17.7,Estimado
MED-1970,ATV-002,2026-08-11T06:00:00,41.45,135.77,83.27,15.6,Medido
MED-1971,ATV-003,2026-08-11T06:00:00,136.02,182.53,99.7,17.0,Medido
MED-1972,ATV-004,2026-08-11T06:00:00,31.27,128.93,85.09,19.0,Medido
MED-1973,ATV-005,2026-08-11T06:00:00,148.77,207.38,98.29,18.1,Medido
MED-1974,ATV-006,2026-08-11T06:00:00,3.2,111.52,89.52,16.3,Medido
MED-1975,ATV-007,2026-08-11T06:00:00,170.03,242.79,97.37,13.3,Medido
MED-1976,ATV-008,2026-08-11T06:00:00,16.59,157.49,84.75,13.7,Medido
MED-1977,ATV-001,2026-08-11T07:00:00,18.7,99.58,88.27,20.1,Medido
MED-1978,ATV-002,2026-08-11T07:00:00,41.06,135.77,83.27,18.0,Medido
MED-1979,ATV-003,2026-08-11T07:00:00,136.52,182.53,99.7,19.4,Medido
MED-1980,ATV-004,2026-08-11T07:00:00,29.87,128.93,85.09,21.4,Medido
MED-1981,ATV-005,2026-08-11T07:00:00,149.32,207.38,98.29,20.5,Medido
MED-1982,ATV-006,2026-08-11T07:00:00,16.63,111.52,89.52,18.7,Medido
MED-1983,ATV-007,2026-08-11T07:00:00,170.66,242.79,97.37,15.7,Medido
MED-1984,ATV-008,2026-08-11T07:00:00,15.98,157.49,84.75,16.2,Medido
MED-1985,ATV-001,2026-08-11T08:00:00,36.14,120.92,88.27,22.7,Medido
MED-1986,ATV-002,2026-08-11T08:00:00,40.43,164.23,83.27,20.6,Medido
MED-1987,ATV-003,2026-08-11T08:00:00,137.0,220.48,99.7,22.0,Medido
MED-1988,ATV-004,2026-08-11T08:00:00,28.39,153.83,85.09,24.0,Medido
MED-1989,ATV-005,2026-08-11T08:00:00,149.84,248.88,98.29,23.1,Medido
MED-1990,ATV-006,2026-08-11T08:00:00,32.12,130.49,89.52,21.3,Medido
MED-1991,ATV-007,2026-08-11T08:00:00,171.25,290.22,97.37,18.3,Medido
MED-1992,ATV-008,2026-08-11T08:00:00,15.62,184.76,84.75,18.7,Medido
MED-1993,ATV-001,2026-08-11T09:00:00,51.1,120.92,88.27,25.3,Medido
MED-1994,ATV-002,2026-08-11T09:00:00,39.56,164.23,83.27,23.2,Medido
MED-1995,ATV-003,2026-08-11T09:00:00,137.45,220.48,99.7,24.6,Medido
MED-1996,ATV-004,2026-08-11T09:00:00,26.83,153.83,85.09,26.6,Medido
MED-1997,ATV-005,2026-08-11T09:00:00,150.33,248.88,98.29,25.7,Medido
MED-1998,ATV-006,2026-08-11T09:00:00,45.42,130.49,89.52,23.9,Medido
MED-1999,ATV-007,2026-08-11T09:00:00,171.81,290.22,97.37,20.9,Medido
MED-2000,ATV-008,2026-08-11T09:00:00,15.5,184.76,84.75,21.3,Medido
MED-2001,ATV-001,2026-08-11T10:00:00,62.59,120.92,88.27,27.7,Medido
MED-2002,ATV-002,2026-08-11T10:00:00,38.47,164.23,83.27,25.6,Medido
MED-2003,ATV-003,2026-08-11T10:00:00,137.86,220.48,99.7,27.0,Medido
MED-2004,ATV-004,2026-08-11T10:00:00,25.25,153.83,85.09,29.0,Medido
MED-2005,ATV-005,2026-08-11T10:00:00,150.78,248.88,98.29,28.1,Medido
MED-2006,ATV-006,2026-08-11T10:00:00,55.63,130.49,89.52,26.3,Medido
MED-2007,ATV-007,2026-08-11T10:00:00,172.32,290.22,97.37,23.3,Medido
MED-2008,ATV-008,2026-08-11T10:00:00,15.62,184.76,84.75,23.7,Medido
MED-2009,ATV-001,2026-08-11T11:00:00,69.81,120.92,88.27,29.8,Medido
MED-2010,ATV-002,2026-08-11T11:00:00,37.19,164.23,83.27,27.7,Medido
MED-2011,ATV-003,2026-08-11T11:00:00,138.23,220.48,99.7,29.1,Medido
MED-2012,ATV-004,2026-08-11T11:00:00,23.67,153.83,85.09,31.1,Medido
MED-2013,ATV-005,2026-08-11T11:00:00,151.19,248.88,98.29,30.2,Medido
MED-2014,ATV-006,2026-08-11T11:00:00,62.05,130.49,89.52,28.4,Medido
MED-2015,ATV-007,2026-08-11T11:00:00,172.79,290.22,97.37,25.4,Medido
MED-2016,ATV-008,2026-08-11T11:00:00,16.0,184.76,84.75,25.8,Medido
MED-2017,ATV-001,2026-08-11T12:00:00,72.27,120.92,88.27,31.4,Medido
MED-2018,ATV-002,2026-08-11T12:00:00,35.73,164.23,83.27,29.3,Medido
MED-2019,ATV-003,2026-08-11T12:00:00,138.57,220.48,99.7,30.6,Medido
MED-2020,ATV-004,2026-08-11T12:00:00,22.12,153.83,85.09,32.7,Medido
MED-2021,ATV-005,2026-08-11T12:00:00,151.56,248.88,98.29,31.7,Medido
MED-2022,ATV-006,2026-08-11T12:00:00,64.24,130.49,89.52,30.0,Medido
MED-2023,ATV-007,2026-08-11T12:00:00,173.21,290.22,97.37,27.0,Medido
MED-2024,ATV-008,2026-08-11T12:00:00,16.61,184.76,84.75,27.4,Medido
MED-2025,ATV-001,2026-08-11T13:00:00,69.81,120.92,88.27,32.4,Medido
MED-2026,ATV-002,2026-08-11T13:00:00,34.14,164.23,83.27,30.3,Medido
MED-2027,ATV-003,2026-08-11T13:00:00,138.87,220.48,99.7,31.6,Medido
MED-2028,ATV-004,2026-08-11T13:00:00,20.63,153.83,85.09,33.7,Medido
MED-2029,ATV-005,2026-08-11T13:00:00,151.89,248.88,98.29,32.7,Medido
MED-2030,ATV-006,2026-08-11T13:00:00,62.05,130.49,89.52,31.0,Medido
MED-2031,ATV-007,2026-08-11T13:00:00,173.58,290.22,97.37,28.0,Medido
MED-2032,ATV-008,2026-08-11T13:00:00,17.44,184.76,84.75,28.4,Medido
MED-2033,ATV-001,2026-08-11T14:00:00,62.59,120.92,88.27,32.7,Medido
MED-2034,ATV-002,2026-08-11T14:00:00,32.44,164.23,83.27,30.6,Medido
MED-2035,ATV-003,2026-08-11T14:00:00,139.12,220.48,99.7,32.0,Medido
MED-2036,ATV-004,2026-08-11T14:00:00,19.24,153.83,85.09,34.0,Medido
MED-2037,ATV-005,2026-08-11T14:00:00,152.16,248.88,98.29,33.1,Medido
MED-2038,ATV-006,2026-08-11T14:00:00,55.63,130.49,89.52,31.3,Medido
MED-2039,ATV-007,2026-08-11T14:00:00,173.9,290.22,97.37,28.3,Medido
MED-2040,ATV-008,2026-08-11T14:00:00,18.49,184.76,84.75,28.7,Medido
MED-2041,ATV-001,2026-08-11T15:00:00,51.1,120.92,88.27,32.4,Medido
MED-2042,ATV-002,2026-08-11T15:00:00,30.67,164.23,83.27,30.3,Medido
MED-2043,ATV-003,2026-08-11T15:00:00,139.33,220.48,99.7,31.6,Medido
MED-2044,ATV-004,2026-08-11T15:00:00,17.97,153.83,85.09,33.7,Medido
MED-2045,ATV-005,2026-08-11T15:00:00,152.39,248.88,98.29,32.7,Medido
MED-2046,ATV-006,2026-08-11T15:00:00,45.42,130.49,89.52,31.0,Medido
MED-2047,ATV-007,2026-08-11T15:00:00,174.16,290.22,97.37,28.0,Medido
MED-2048,ATV-008,2026-08-11T15:00:00,19.72,184.76,84.75,28.4,Medido
MED-2049,ATV-001,2026-08-11T16:00:00,36.14,120.92,88.27,31.4,Medido
MED-2050,ATV-002,2026-08-11T16:00:00,28.86,164.23,83.27,29.3,Medido
MED-2051,ATV-003,2026-08-11T16:00:00,139.49,220.48,99.7,30.6,Medido
MED-2052,ATV-004,2026-08-11T16:00:00,16.85,153.83,85.09,32.7,Medido
MED-2053,ATV-005,2026-08-11T16:00:00,152.57,248.88,98.29,31.7,Medido
MED-2054,ATV-006,2026-08-11T16:00:00,32.12,130.49,89.52,30.0,Medido
MED-2055,ATV-007,2026-08-11T16:00:00,174.36,290.22,97.37,27.0,Medido
MED-2056,ATV-008,2026-08-11T16:00:00,21.11,184.76,84.75,27.4,Medido
MED-2057,ATV-001,2026-08-11T17:00:00,18.7,120.92,88.27,29.8,Medido
MED-2058,ATV-002,2026-08-11T17:00:00,27.05,164.23,83.27,27.7,Medido
MED-2059,ATV-003,2026-08-11T17:00:00,139.6,220.48,99.7,29.1,Medido
MED-2060,ATV-004,2026-08-11T17:00:00,15.9,153.83,85.09,31.1,Medido
MED-2061,ATV-005,2026-08-11T17:00:00,152.69,248.88,98.29,30.2,Medido
MED-2062,ATV-006,2026-08-11T17:00:00,16.63,130.49,89.52,28.4,Medido
MED-2063,ATV-007,2026-08-11T17:00:00,174.5,290.22,97.37,25.4,Medido
MED-2064,ATV-008,2026-08-11T17:00:00,22.64,184.76,84.75,25.8,Medido
MED-2065,ATV-001,2026-08-11T18:00:00,3.6,120.92,88.27,27.7,Medido
MED-2066,ATV-002,2026-08-11T18:00:00,25.28,164.23,83.27,25.6,Medido
MED-2067,ATV-003,2026-08-11T18:00:00,139.67,220.48,99.7,27.0,Medido
MED-2068,ATV-004,2026-08-11T18:00:00,15.15,153.83,85.09,29.0,Medido
MED-2069,ATV-005,2026-08-11T18:00:00,152.76,248.88,98.29,28.1,Medido
MED-2070,ATV-006,2026-08-11T18:00:00,3.2,130.49,89.52,26.3,Medido
MED-2071,ATV-007,2026-08-11T18:00:00,174.59,290.22,97.37,23.3,Medido
MED-2072,ATV-008,2026-08-11T18:00:00,24.27,184.76,84.75,23.7,Estimado
MED-2073,ATV-001,2026-08-11T19:00:00,3.6,120.92,88.27,25.3,Medido
MED-2074,ATV-002,2026-08-11T19:00:00,23.58,164.23,83.27,23.2,Medido
MED-2075,ATV-003,2026-08-11T19:00:00,139.69,220.48,99.7,24.6,Medido
MED-2076,ATV-004,2026-08-11T19:00:00,14.59,153.83,85.09,26.6,Medido
MED-2077,ATV-005,2026-08-11T19:00:00,152.78,248.88,98.29,25.7,Medido
MED-2078,ATV-006,2026-08-11T19:00:00,3.2,130.49,89.52,23.9,Medido
MED-2079,ATV-007,2026-08-11T19:00:00,174.61,290.22,97.37,20.9,Estimado
MED-2080,ATV-008,2026-08-11T19:00:00,25.97,184.76,84.75,21.3,Medido
MED-2081,ATV-001,2026-08-11T20:00:00,3.6,120.92,88.27,22.7,Medido
MED-2082,ATV-002,2026-08-11T20:00:00,21.99,164.23,83.27,20.6,Medido
MED-2083,ATV-003,2026-08-11T20:00:00,139.65,220.48,99.7,22.0,Medido
MED-2084,ATV-004,2026-08-11T20:00:00,14.26,153.83,85.09,24.0,Medido
MED-2085,ATV-005,2026-08-11T20:00:00,152.75,248.88,98.29,23.1,Medido
MED-2086,ATV-006,2026-08-11T20:00:00,3.2,130.49,89.52,21.3,Estimado
MED-2087,ATV-007,2026-08-11T20:00:00,174.57,290.22,97.37,18.3,Medido
MED-2088,ATV-008,2026-08-11T20:00:00,27.7,184.76,84.75,18.7,Medido
MED-2089,ATV-001,2026-08-11T21:00:00,3.6,120.92,88.27,20.1,Medido
MED-2090,ATV-002,2026-08-11T21:00:00,20.54,164.23,83.27,18.0,Medido
MED-2091,ATV-003,2026-08-11T21:00:00,139.57,220.48,99.7,19.4,Medido
MED-2092,ATV-004,2026-08-11T21:00:00,14.15,153.83,85.09,21.4,Medido
MED-2093,ATV-005,2026-08-11T21:00:00,152.66,248.88,98.29,20.5,Estimado
MED-2094,ATV-006,2026-08-11T21:00:00,3.2,130.49,89.52,18.7,Medido
MED-2095,ATV-007,2026-08-11T21:00:00,174.47,290.22,97.37,15.7,Medido
MED-2096,ATV-008,2026-08-11T21:00:00,29.44,184.76,84.75,16.2,Medido
MED-2097,ATV-001,2026-08-11T22:00:00,3.6,99.58,88.27,17.7,Medido
MED-2098,ATV-002,2026-08-11T22:00:00,19.26,135.77,83.27,15.6,Medido
MED-2099,ATV-003,2026-08-11T22:00:00,139.45,182.53,99.7,17.0,Medido
MED-2100,ATV-004,2026-08-11T22:00:00,14.27,128.93,85.09,19.0,Estimado
MED-2101,ATV-005,2026-08-11T22:00:00,152.52,207.38,98.29,18.1,Medido
MED-2102,ATV-006,2026-08-11T22:00:00,3.2,111.52,89.52,16.3,Medido
MED-2103,ATV-007,2026-08-11T22:00:00,174.31,242.79,97.37,13.3,Medido
MED-2104,ATV-008,2026-08-11T22:00:00,31.13,157.49,84.75,13.7,Medido
MED-2105,ATV-001,2026-08-11T23:00:00,3.6,99.58,88.27,15.6,Medido
MED-2106,ATV-002,2026-08-11T23:00:00,18.18,135.77,83.27,13.5,Medido
MED-2107,ATV-003,2026-08-11T23:00:00,139.27,182.53,99.7,14.9,Estimado
MED-2108,ATV-004,2026-08-11T23:00:00,14.61,128.93,85.09,16.9,Medido
MED-2109,ATV-005,2026-08-11T23:00:00,152.33,207.38,98.29,16.0,Medido
MED-2110,ATV-006,2026-08-11T23:00:00,3.2,111.52,89.52,14.3,Medido
MED-2111,ATV-007,2026-08-11T23:00:00,174.09,242.79,97.37,11.2,Medido
MED-2112,ATV-008,2026-08-11T23:00:00,32.76,157.49,84.75,11.7,Medido
MED-2113,ATV-001,2026-08-12T00:00:00,3.6,94.49,95.14,14.0,Medido
MED-2114,ATV-002,2026-08-12T00:00:00,175.91,128.98,84.15,11.9,Estimado
MED-2115,ATV-003,2026-08-12T00:00:00,202.71,173.48,99.7,13.3,Medido
MED-2116,ATV-004,2026-08-12T00:00:00,165.8,122.98,84.31,15.3,Medido
MED-2117,ATV-005,2026-08-12T00:00:00,221.71,197.47,97.35,14.4,Medido
MED-2118,ATV-006,2026-08-12T00:00:00,3.2,106.99,95.3,12.7,Medido
MED-2119,ATV-007,2026-08-12T00:00:00,253.39,231.47,98.07,9.6,Medido
MED-2120,ATV-008,2026-08-12T00:00:00,110.75,150.98,85.72,10.1,Medido
MED-2121,ATV-001,2026-08-12T01:00:00,3.6,94.49,95.14,13.1,Estimado
MED-2122,ATV-002,2026-08-12T01:00:00,180.87,128.98,84.15,10.9,Medido
MED-2123,ATV-003,2026-08-12T01:00:00,203.65,173.48,99.7,12.3,Medido
MED-2124,ATV-004,2026-08-12T01:00:00,164.25,122.98,84.31,14.3,Medido
MED-2125,ATV-005,2026-08-12T01:00:00,222.74,197.47,97.35,13.4,Medido
MED-2126,ATV-006,2026-08-12T01:00:00,3.2,106.99,95.3,11.7,Medido
MED-2127,ATV-007,2026-08-12T01:00:00,254.56,231.47,98.07,8.6,Medido
MED-2128,ATV-008,2026-08-12T01:00:00,103.31,150.98,85.72,9.1,Medido
MED-2129,ATV-001,2026-08-12T02:00:00,3.6,94.49,95.14,12.7,Medido
MED-2130,ATV-002,2026-08-12T02:00:00,184.84,128.98,84.15,10.6,Medido
MED-2131,ATV-003,2026-08-12T02:00:00,204.58,173.48,99.7,12.0,Medido
MED-2132,ATV-004,2026-08-12T02:00:00,161.71,122.98,84.31,14.0,Medido
MED-2133,ATV-005,2026-08-12T02:00:00,223.76,197.47,97.35,13.1,Medido
MED-2134,ATV-006,2026-08-12T02:00:00,3.2,106.99,95.3,11.3,Medido
MED-2135,ATV-007,2026-08-12T02:00:00,255.72,231.47,98.07,8.3,Medido
MED-2136,ATV-008,2026-08-12T02:00:00,96.34,150.98,85.72,8.7,Medido
MED-2137,ATV-001,2026-08-12T03:00:00,3.6,94.49,95.14,13.1,Medido
MED-2138,ATV-002,2026-08-12T03:00:00,187.74,128.98,84.15,10.9,Medido
MED-2139,ATV-003,2026-08-12T03:00:00,205.5,173.48,99.7,12.3,Medido
MED-2140,ATV-004,2026-08-12T03:00:00,158.23,122.98,84.31,14.3,Medido
MED-2141,ATV-005,2026-08-12T03:00:00,224.76,197.47,97.35,13.4,Medido
MED-2142,ATV-006,2026-08-12T03:00:00,3.2,106.99,95.3,11.7,Medido
MED-2143,ATV-007,2026-08-12T03:00:00,256.87,231.47,98.07,8.6,Medido
MED-2144,ATV-008,2026-08-12T03:00:00,89.99,150.98,85.72,9.1,Medido
MED-2145,ATV-001,2026-08-12T04:00:00,3.6,94.49,95.14,14.0,Medido
MED-2146,ATV-002,2026-08-12T04:00:00,189.49,128.98,84.15,11.9,Medido
MED-2147,ATV-003,2026-08-12T04:00:00,206.39,173.48,99.7,13.3,Medido
MED-2148,ATV-004,2026-08-12T04:00:00,153.88,122.98,84.31,15.3,Medido
MED-2149,ATV-005,2026-08-12T04:00:00,225.74,197.47,97.35,14.4,Medido
MED-2150,ATV-006,2026-08-12T04:00:00,3.2,106.99,95.3,12.7,Medido
MED-2151,ATV-007,2026-08-12T04:00:00,257.99,231.47,98.07,9.6,Medido
MED-2152,ATV-008,2026-08-12T04:00:00,84.38,150.98,85.72,10.1,Medido
MED-2153,ATV-001,2026-08-12T05:00:00,3.6,94.49,95.14,15.6,Medido
MED-2154,ATV-002,2026-08-12T05:00:00,190.08,128.98,84.15,13.5,Medido
MED-2155,ATV-003,2026-08-12T05:00:00,207.27,173.48,99.7,14.9,Medido
MED-2156,ATV-004,2026-08-12T05:00:00,148.74,122.98,84.31,16.9,Medido
MED-2157,ATV-005,2026-08-12T05:00:00,226.7,197.47,97.35,16.0,Medido
MED-2158,ATV-006,2026-08-12T05:00:00,3.2,106.99,95.3,14.3,Medido
MED-2159,ATV-007,2026-08-12T05:00:00,259.08,231.47,98.07,11.2,Medido
MED-2160,ATV-008,2026-08-12T05:00:00,79.63,150.98,85.72,11.7,Medido
MED-2161,ATV-001,2026-08-12T06:00:00,3.6,94.49,95.14,17.7,Medido
MED-2162,ATV-002,2026-08-12T06:00:00,189.48,128.98,84.15,15.6,Medido
MED-2163,ATV-003,2026-08-12T06:00:00,208.11,173.48,99.7,17.0,Medido
MED-2164,ATV-004,2026-08-12T06:00:00,142.93,122.98,84.31,19.0,Medido
MED-2165,ATV-005,2026-08-12T06:00:00,227.62,197.47,97.35,18.1,Medido
MED-2166,ATV-006,2026-08-12T06:00:00,3.2,106.99,95.3,16.3,Medido
MED-2167,ATV-007,2026-08-12T06:00:00,260.14,231.47,98.07,13.3,Medido
MED-2168,ATV-008,2026-08-12T06:00:00,75.83,150.98,85.72,13.7,Medido
MED-2169,ATV-001,2026-08-12T07:00:00,38.95,94.49,95.14,20.1,Medido
MED-2170,ATV-002,2026-08-12T07:00:00,187.72,128.98,84.15,18.0,Medido
MED-2171,ATV-003,2026-08-12T07:00:00,208.91,173.48,99.7,19.4,Medido
MED-2172,ATV-004,2026-08-12T07:00:00,136.56,122.98,84.31,21.4,Medido
MED-2173,ATV-005,2026-08-12T07:00:00,228.5,197.47,97.35,20.5,Medido
MED-2174,ATV-006,2026-08-12T07:00:00,34.62,106.99,95.3,18.7,Medido
MED-2175,ATV-007,2026-08-12T07:00:00,261.14,231.47,98.07,15.7,Medido
MED-2176,ATV-008,2026-08-12T07:00:00,73.07,150.98,85.72,16.2,Medido
MED-2177,ATV-001,2026-08-12T08:00:00,75.24,114.69,95.14,22.7,Medido
MED-2178,ATV-002,2026-08-12T08:00:00,184.81,155.92,84.15,20.6,Medido
MED-2179,ATV-003,2026-08-12T08:00:00,209.67,209.39,99.7,22.0,Medido
MED-2180,ATV-004,2026-08-12T08:00:00,129.76,146.55,84.31,24.0,Medido
MED-2181,ATV-005,2026-08-12T08:00:00,229.33,236.75,97.35,23.1,Medido
MED-2182,ATV-006,2026-08-12T08:00:00,66.88,124.94,95.3,21.3,Medido
MED-2183,ATV-007,2026-08-12T08:00:00,262.09,276.36,98.07,18.3,Medido
MED-2184,ATV-008,2026-08-12T08:00:00,71.39,176.79,85.72,18.7,Medido
MED-2185,ATV-001,2026-08-12T09:00:00,106.41,114.69,95.14,25.3,Medido
MED-2186,ATV-002,2026-08-12T09:00:00,180.83,155.92,84.15,23.2,Medido
MED-2187,ATV-003,2026-08-12T09:00:00,210.39,209.39,99.7,24.6,Medido
MED-2188,ATV-004,2026-08-12T09:00:00,122.67,146.55,84.31,26.6,Medido
MED-2189,ATV-005,2026-08-12T09:00:00,230.11,236.75,97.35,25.7,Medido
MED-2190,ATV-006,2026-08-12T09:00:00,94.58,124.94,95.3,23.9,Medido
MED-2191,ATV-007,2026-08-12T09:00:00,262.98,276.36,98.07,20.9,Medido
MED-2192,ATV-008,2026-08-12T09:00:00,70.84,176.79,85.72,21.3,Medido
MED-2193,ATV-001,2026-08-12T10:00:00,130.32,114.69,95.14,27.7,Medido
MED-2194,ATV-002,2026-08-12T10:00:00,175.86,155.92,84.15,25.6,Medido
MED-2195,ATV-003,2026-08-12T10:00:00,211.05,209.39,99.7,27.0,Medido
MED-2196,ATV-004,2026-08-12T10:00:00,115.44,146.55,84.31,29.0,Medido
MED-2197,ATV-005,2026-08-12T10:00:00,230.83,236.75,97.35,28.1,Medido
MED-2198,ATV-006,2026-08-12T10:00:00,115.84,124.94,95.3,26.3,Medido
MED-2199,ATV-007,2026-08-12T10:00:00,263.81,276.36,98.07,23.3,Medido
MED-2200,ATV-008,2026-08-12T10:00:00,71.42,176.79,85.72,23.7,Medido
MED-2201,ATV-001,2026-08-12T11:00:00,145.35,114.69,95.14,29.8,Medido
MED-2202,ATV-002,2026-08-12T11:00:00,169.99,155.92,84.15,27.7,Medido
MED-2203,ATV-003,2026-08-12T11:00:00,211.65,209.39,99.7,29.1,Medido
MED-2204,ATV-004,2026-08-12T11:00:00,108.2,146.55,84.31,31.1,Medido
MED-2205,ATV-005,2026-08-12T11:00:00,231.49,236.75,97.35,30.2,Medido
MED-2206,ATV-006,2026-08-12T11:00:00,129.2,124.94,95.3,28.4,Medido
MED-2207,ATV-007,2026-08-12T11:00:00,264.56,276.36,98.07,25.4,Medido
MED-2208,ATV-008,2026-08-12T11:00:00,73.13,176.79,85.72,25.8,Medido
MED-2209,ATV-001,2026-08-12T12:00:00,150.48,114.69,95.14,31.4,Medido
MED-2210,ATV-002,2026-08-12T12:00:00,163.35,155.92,84.15,29.3,Medido
MED-2211,ATV-003,2026-08-12T12:00:00,212.19,209.39,99.7,30.6,Medido
MED-2212,ATV-004,2026-08-12T12:00:00,101.12,146.55,84.31,32.7,Medido
MED-2213,ATV-005,2026-08-12T12:00:00,232.08,236.75,97.35,31.7,Medido
MED-2214,ATV-006,2026-08-12T12:00:00,133.76,124.94,95.3,30.0,Medido
MED-2215,ATV-007,2026-08-12T12:00:00,265.23,276.36,98.07,27.0,Medido
MED-2216,ATV-008,2026-08-12T12:00:00,75.92,176.79,85.72,27.4,Medido
MED-2217,ATV-001,2026-08-12T13:00:00,145.35,114.69,95.14,32.4,Medido
MED-2218,ATV-002,2026-08-12T13:00:00,156.07,155.92,84.15,30.3,Medido
MED-2219,ATV-003,2026-08-12T13:00:00,212.66,209.39,99.7,31.6,Medido
MED-2220,ATV-004,2026-08-12T13:00:00,94.32,146.55,84.31,33.7,Medido
MED-2221,ATV-005,2026-08-12T13:00:00,232.6,236.75,97.35,32.7,Medido
MED-2222,ATV-006,2026-08-12T13:00:00,129.2,124.94,95.3,31.0,Medido
MED-2223,ATV-007,2026-08-12T13:00:00,265.83,276.36,98.07,28.0,Medido
MED-2224,ATV-008,2026-08-12T13:00:00,79.74,176.79,85.72,28.4,Estimado
MED-2225,ATV-001,2026-08-12T14:00:00,130.32,114.69,95.14,32.7,Medido
MED-2226,ATV-002,2026-08-12T14:00:00,148.3,155.92,84.15,30.6,Medido
MED-2227,ATV-003,2026-08-12T14:00:00,213.07,209.39,99.7,32.0,Medido
MED-2228,ATV-004,2026-08-12T14:00:00,87.96,146.55,84.31,34.0,Medido
MED-2229,ATV-005,2026-08-12T14:00:00,233.04,236.75,97.35,33.1,Medido
MED-2230,ATV-006,2026-08-12T14:00:00,115.84,124.94,95.3,31.3,Medido
MED-2231,ATV-007,2026-08-12T14:00:00,266.33,276.36,98.07,28.3,Estimado
MED-2232,ATV-008,2026-08-12T14:00:00,84.51,176.79,85.72,28.7,Medido
MED-2233,ATV-001,2026-08-12T15:00:00,106.41,114.69,95.14,32.4,Medido
MED-2234,ATV-002,2026-08-12T15:00:00,140.2,155.92,84.15,30.3,Medido
MED-2235,ATV-003,2026-08-12T15:00:00,213.4,209.39,99.7,31.6,Medido
MED-2236,ATV-004,2026-08-12T15:00:00,82.16,146.55,84.31,33.7,Medido
MED-2237,ATV-005,2026-08-12T15:00:00,233.4,236.75,97.35,32.7,Medido
MED-2238,ATV-006,2026-08-12T15:00:00,94.58,124.94,95.3,31.0,Estimado
MED-2239,ATV-007,2026-08-12T15:00:00,266.75,276.36,98.07,28.0,Medido
MED-2240,ATV-008,2026-08-12T15:00:00,90.14,176.79,85.72,28.4,Medido
MED-2241,ATV-001,2026-08-12T16:00:00,75.24,114.69,95.14,31.4,Medido
MED-2242,ATV-002,2026-08-12T16:00:00,131.93,155.92,84.15,29.3,Medido
MED-2243,ATV-003,2026-08-12T16:00:00,213.66,209.39,99.7,30.6,Medido
MED-2244,ATV-004,2026-08-12T16:00:00,77.04,146.55,84.31,32.7,Medido
MED-2245,ATV-005,2026-08-12T16:00:00,233.69,236.75,97.35,31.7,Estimado
MED-2246,ATV-006,2026-08-12T16:00:00,66.88,124.94,95.3,30.0,Medido
MED-2247,ATV-007,2026-08-12T16:00:00,267.07,276.36,98.07,27.0,Medido
MED-2248,ATV-008,2026-08-12T16:00:00,96.52,176.79,85.72,27.4,Medido
MED-2249,ATV-001,2026-08-12T17:00:00,38.95,114.69,95.14,29.8,Medido
MED-2250,ATV-002,2026-08-12T17:00:00,123.66,155.92,84.15,27.7,Medido
MED-2251,ATV-003,2026-08-12T17:00:00,213.84,209.39,99.7,29.1,Medido
MED-2252,ATV-004,2026-08-12T17:00:00,72.7,146.55,84.31,31.1,Estimado
MED-2253,ATV-005,2026-08-12T17:00:00,233.89,236.75,97.35,30.2,Medido
MED-2254,ATV-006,2026-08-12T17:00:00,34.62,124.94,95.3,28.4,Medido
MED-2255,ATV-007,2026-08-12T17:00:00,267.3,276.36,98.07,25.4,Medido
MED-2256,ATV-008,2026-08-12T17:00:00,103.5,176.79,85.72,25.8,Medido
MED-2257,ATV-001,2026-08-12T18:00:00,3.6,114.69,95.14,27.7,Medido
MED-2258,ATV-002,2026-08-12T18:00:00,115.56,155.92,84.15,25.6,Medido
MED-2259,ATV-003,2026-08-12T18:00:00,213.95,209.39,99.7,27.0,Estimado
MED-2260,ATV-004,2026-08-12T18:00:00,69.24,146.55,84.31,29.0,Medido
MED-2261,ATV-005,2026-08-12T18:00:00,234.0,236.75,97.35,28.1,Medido
MED-2262,ATV-006,2026-08-12T18:00:00,3.2,124.94,95.3,26.3,Medido
MED-2263,ATV-007,2026-08-12T18:00:00,267.43,276.36,98.07,23.3,Medido
MED-2264,ATV-008,2026-08-12T18:00:00,110.95,176.79,85.72,23.7,Medido
MED-2265,ATV-001,2026-08-12T19:00:00,3.6,114.69,95.14,25.3,Medido
MED-2266,ATV-002,2026-08-12T19:00:00,107.8,155.92,84.15,23.2,Estimado
MED-2267,ATV-003,2026-08-12T19:00:00,213.97,209.39,99.7,24.6,Medido
MED-2268,ATV-004,2026-08-12T19:00:00,66.71,146.55,84.31,26.6,Medido
MED-2269,ATV-005,2026-08-12T19:00:00,234.03,236.75,97.35,25.7,Medido
MED-2270,ATV-006,2026-08-12T19:00:00,3.2,124.94,95.3,23.9,Medido
MED-2271,ATV-007,2026-08-12T19:00:00,267.47,276.36,98.07,20.9,Medido
MED-2272,ATV-008,2026-08-12T19:00:00,118.71,176.79,85.72,21.3,Medido
MED-2273,ATV-001,2026-08-12T20:00:00,3.6,114.69,95.14,22.7,Estimado
MED-2274,ATV-002,2026-08-12T20:00:00,100.53,155.92,84.15,20.6,Medido
MED-2275,ATV-003,2026-08-12T20:00:00,213.92,209.39,99.7,22.0,Medido
MED-2276,ATV-004,2026-08-12T20:00:00,65.18,146.55,84.31,24.0,Medido
MED-2277,ATV-005,2026-08-12T20:00:00,233.98,236.75,97.35,23.1,Medido
MED-2278,ATV-006,2026-08-12T20:00:00,3.2,124.94,95.3,21.3,Medido
MED-2279,ATV-007,2026-08-12T20:00:00,267.4,276.36,98.07,18.3,Medido
MED-2280,ATV-008,2026-08-12T20:00:00,126.64,176.79,85.72,18.7,Medido
MED-2281,ATV-001,2026-08-12T21:00:00,3.6,114.69,95.14,20.1,Medido
MED-2282,ATV-002,2026-08-12T21:00:00,93.9,155.92,84.15,18.0,Medido
MED-2283,ATV-003,2026-08-12T21:00:00,213.79,209.39,99.7,19.4,Medido
MED-2284,ATV-004,2026-08-12T21:00:00,64.68,146.55,84.31,21.4,Medido
MED-2285,ATV-005,2026-08-12T21:00:00,233.84,236.75,97.35,20.5,Medido
MED-2286,ATV-006,2026-08-12T21:00:00,3.2,124.94,95.3,18.7,Medido
MED-2287,ATV-007,2026-08-12T21:00:00,267.24,276.36,98.07,15.7,Medido
MED-2288,ATV-008,2026-08-12T21:00:00,134.56,176.79,85.72,16.2,Medido
MED-2289,ATV-001,2026-08-12T22:00:00,3.6,94.49,95.14,17.7,Medido
MED-2290,ATV-002,2026-08-12T22:00:00,88.04,128.98,84.15,15.6,Medido
MED-2291,ATV-003,2026-08-12T22:00:00,213.59,173.48,99.7,17.0,Medido
MED-2292,ATV-004,2026-08-12T22:00:00,65.21,122.98,84.31,19.0,Medido
MED-2293,ATV-005,2026-08-12T22:00:00,233.61,197.47,97.35,18.1,Medido
MED-2294,ATV-006,2026-08-12T22:00:00,3.2,106.99,95.3,16.3,Medido
MED-2295,ATV-007,2026-08-12T22:00:00,266.98,231.47,98.07,13.3,Medido
MED-2296,ATV-008,2026-08-12T22:00:00,142.32,150.98,85.72,13.7,Medido
MED-2297,ATV-001,2026-08-12T23:00:00,3.6,94.49,95.14,15.6,Medido
MED-2298,ATV-002,2026-08-12T23:00:00,83.09,128.98,84.15,13.5,Medido
MED-2299,ATV-003,2026-08-12T23:00:00,213.31,173.48,99.7,14.9,Medido
MED-2300,ATV-004,2026-08-12T23:00:00,66.77,122.98,84.31,16.9,Medido
MED-2301,ATV-005,2026-08-12T23:00:00,233.3,197.47,97.35,16.0,Medido
MED-2302,ATV-006,2026-08-12T23:00:00,3.2,106.99,95.3,14.3,Medido
MED-2303,ATV-007,2026-08-12T23:00:00,266.63,231.47,98.07,11.2,Medido
MED-2304,ATV-008,2026-08-12T23:00:00,149.76,150.98,85.72,11.7,Medido
MED-2305,ATV-001,2026-08-13T00:00:00,3.6,86.85,96.13,14.0,Medido
MED-2306,ATV-002,2026-08-13T00:00:00,229.88,118.79,84.73,11.9,Medido
MED-2307,ATV-003,2026-08-13T00:00:00,252.46,159.89,99.67,13.3,Medido
MED-2308,ATV-004,2026-08-13T00:00:00,205.8,114.07,83.33,15.3,Medido
MED-2309,ATV-005,2026-08-13T00:00:00,276.13,182.62,96.66,14.4,Medido
MED-2310,ATV-006,2026-08-13T00:00:00,3.2,100.2,95.53,12.7,Medido
MED-2311,ATV-007,2026-08-13T00:00:00,315.58,214.49,99.0,9.6,Medido
MED-2312,ATV-008,2026-08-13T00:00:00,144.72,141.22,86.51,10.1,Medido
MED-2313,ATV-001,2026-08-13T01:00:00,3.6,86.85,96.13,13.1,Medido
MED-2314,ATV-002,2026-08-13T01:00:00,235.2,118.79,84.73,10.9,Medido
MED-2315,ATV-003,2026-08-13T01:00:00,253.69,159.89,99.67,12.3,Medido
MED-2316,ATV-004,2026-08-13T01:00:00,205.8,114.07,83.33,14.3,Medido
MED-2317,ATV-005,2026-08-13T01:00:00,277.47,182.62,96.66,13.4,Medido
MED-2318,ATV-006,2026-08-13T01:00:00,3.2,100.2,95.53,11.7,Medido
MED-2319,ATV-007,2026-08-13T01:00:00,317.11,214.49,99.0,8.6,Medido
MED-2320,ATV-008,2026-08-13T01:00:00,135.0,141.22,86.51,9.1,Medido
MED-2321,ATV-001,2026-08-13T02:00:00,3.6,86.85,96.13,12.7,Medido
MED-2322,ATV-002,2026-08-13T02:00:00,235.2,118.79,84.73,10.6,Medido
MED-2323,ATV-003,2026-08-13T02:00:00,254.9,159.89,99.67,12.0,Medido
MED-2324,ATV-004,2026-08-13T02:00:00,205.8,114.07,83.33,14.0,Medido
MED-2325,ATV-005,2026-08-13T02:00:00,278.8,182.62,96.66,13.1,Medido
MED-2326,ATV-006,2026-08-13T02:00:00,3.2,100.2,95.53,11.3,Medido
MED-2327,ATV-007,2026-08-13T02:00:00,318.63,214.49,99.0,8.3,Medido
MED-2328,ATV-008,2026-08-13T02:00:00,125.9,141.22,86.51,8.7,Medido
MED-2329,ATV-001,2026-08-13T03:00:00,3.6,86.85,96.13,13.1,Medido
MED-2330,ATV-002,2026-08-13T03:00:00,235.2,118.79,84.73,10.9,Medido
MED-2331,ATV-003,2026-08-13T03:00:00,256.1,159.89,99.67,12.3,Medido
MED-2332,ATV-004,2026-08-13T03:00:00,205.8,114.07,83.33,14.3,Medido
MED-2333,ATV-005,2026-08-13T03:00:00,280.11,182.62,96.66,13.4,Medido
MED-2334,ATV-006,2026-08-13T03:00:00,3.2,100.2,95.53,11.7,Medido
MED-2335,ATV-007,2026-08-13T03:00:00,320.13,214.49,99.0,8.6,Medido
MED-2336,ATV-008,2026-08-13T03:00:00,117.59,141.22,86.51,9.1,Medido
MED-2337,ATV-001,2026-08-13T04:00:00,3.6,86.85,96.13,14.0,Medido
MED-2338,ATV-002,2026-08-13T04:00:00,235.2,118.79,84.73,11.9,Medido
MED-2339,ATV-003,2026-08-13T04:00:00,257.28,159.89,99.67,13.3,Medido
MED-2340,ATV-004,2026-08-13T04:00:00,201.09,114.07,83.33,15.3,Medido
MED-2341,ATV-005,2026-08-13T04:00:00,281.4,182.62,96.66,14.4,Medido
MED-2342,ATV-006,2026-08-13T04:00:00,3.2,100.2,95.53,12.7,Medido
MED-2343,ATV-007,2026-08-13T04:00:00,321.6,214.49,99.0,9.6,Medido
MED-2344,ATV-008,2026-08-13T04:00:00,110.26,141.22,86.51,10.1,Medido
MED-2345,ATV-001,2026-08-13T05:00:00,3.6,86.85,96.13,15.6,Medido
MED-2346,ATV-002,2026-08-13T05:00:00,235.2,118.79,84.73,13.5,Medido
MED-2347,ATV-003,2026-08-13T05:00:00,258.42,159.89,99.67,14.9,Medido
MED-2348,ATV-004,2026-08-13T05:00:00,194.38,114.07,83.33,16.9,Medido
MED-2349,ATV-005,2026-08-13T05:00:00,282.64,182.62,96.66,16.0,Medido
MED-2350,ATV-006,2026-08-13T05:00:00,3.2,100.2,95.53,14.3,Medido
MED-2351,ATV-007,2026-08-13T05:00:00,323.02,214.49,99.0,11.2,Medido
MED-2352,ATV-008,2026-08-13T05:00:00,104.06,141.22,86.51,11.7,Medido
MED-2353,ATV-001,2026-08-13T06:00:00,3.6,86.85,96.13,17.7,Medido
MED-2354,ATV-002,2026-08-13T06:00:00,235.2,118.79,84.73,15.6,Medido
MED-2355,ATV-003,2026-08-13T06:00:00,259.52,159.89,99.67,17.0,Medido
MED-2356,ATV-004,2026-08-13T06:00:00,186.78,114.07,83.33,19.0,Medido
MED-2357,ATV-005,2026-08-13T06:00:00,283.85,182.62,96.66,18.1,Medido
MED-2358,ATV-006,2026-08-13T06:00:00,3.2,100.2,95.53,16.3,Medido
MED-2359,ATV-007,2026-08-13T06:00:00,324.4,214.49,99.0,13.3,Medido
MED-2360,ATV-008,2026-08-13T06:00:00,99.1,141.22,86.51,13.7,Medido
MED-2361,ATV-001,2026-08-13T07:00:00,50.9,86.85,96.13,20.1,Medido
MED-2362,ATV-002,2026-08-13T07:00:00,235.2,118.79,84.73,18.0,Medido
MED-2363,ATV-003,2026-08-13T07:00:00,260.57,159.89,99.67,19.4,Medido
MED-2364,ATV-004,2026-08-13T07:00:00,178.46,114.07,83.33,21.4,Medido
MED-2365,ATV-005,2026-08-13T07:00:00,285.0,182.62,96.66,20.5,Medido
MED-2366,ATV-006,2026-08-13T07:00:00,45.24,100.2,95.53,18.7,Medido
MED-2367,ATV-007,2026-08-13T07:00:00,325.71,214.49,99.0,15.7,Medido
MED-2368,ATV-008,2026-08-13T07:00:00,95.48,141.22,86.51,16.2,Medido
MED-2369,ATV-001,2026-08-13T08:00:00,98.32,105.33,96.13,22.7,Medido
MED-2370,ATV-002,2026-08-13T08:00:00,235.2,143.44,84.73,20.6,Medido
MED-2371,ATV-003,2026-08-13T08:00:00,261.56,192.76,99.67,22.0,Medido
MED-2372,ATV-004,2026-08-13T08:00:00,169.57,135.64,83.33,24.0,Medido
MED-2373,ATV-005,2026-08-13T08:00:00,286.08,218.56,96.66,23.1,Medido
MED-2374,ATV-006,2026-08-13T08:00:00,87.4,116.63,95.53,21.3,Medido
MED-2375,ATV-007,2026-08-13T08:00:00,326.95,255.57,99.0,18.3,Medido
MED-2376,ATV-008,2026-08-13T08:00:00,93.3,164.84,86.51,18.7,Estimado
MED-2377,ATV-001,2026-08-13T09:00:00,139.05,105.33,96.13,25.3,Medido
MED-2378,ATV-002,2026-08-13T09:00:00,235.2,143.44,84.73,23.2,Medido
MED-2379,ATV-003,2026-08-13T09:00:00,262.49,192.76,99.67,24.6,Medido
MED-2380,ATV-004,2026-08-13T09:00:00,160.31,135.64,83.33,26.6,Medido
MED-2381,ATV-005,2026-08-13T09:00:00,287.1,218.56,96.66,25.7,Medido
MED-2382,ATV-006,2026-08-13T09:00:00,123.6,116.63,95.53,23.9,Medido
MED-2383,ATV-007,2026-08-13T09:00:00,328.12,255.57,99.0,20.9,Estimado
MED-2384,ATV-008,2026-08-13T09:00:00,92.58,164.84,86.51,21.3,Medido
MED-2385,ATV-001,2026-08-13T10:00:00,170.3,105.33,96.13,27.7,Medido
MED-2386,ATV-002,2026-08-13T10:00:00,229.82,143.44,84.73,25.6,Medido
MED-2387,ATV-003,2026-08-13T10:00:00,263.36,192.76,99.67,27.0,Medido
MED-2388,ATV-004,2026-08-13T10:00:00,150.85,135.64,83.33,29.0,Medido
MED-2389,ATV-005,2026-08-13T10:00:00,288.05,218.56,96.66,28.1,Medido
MED-2390,ATV-006,2026-08-13T10:00:00,151.38,116.63,95.53,26.3,Estimado
MED-2391,ATV-007,2026-08-13T10:00:00,329.19,255.57,99.0,23.3,Medido
MED-2392,ATV-008,2026-08-13T10:00:00,93.34,164.84,86.51,23.7,Medido
MED-2393,ATV-001,2026-08-13T11:00:00,176.4,105.33,96.13,29.8,Medido
MED-2394,ATV-002,2026-08-13T11:00:00,222.15,143.44,84.73,27.7,Medido
MED-2395,ATV-003,2026-08-13T11:00:00,264.14,192.76,99.67,29.1,Medido
MED-2396,ATV-004,2026-08-13T11:00:00,141.4,135.64,83.33,31.1,Medido
MED-2397,ATV-005,2026-08-13T11:00:00,288.91,218.56,96.66,30.2,Estimado
MED-2398,ATV-006,2026-08-13T11:00:00,156.8,116.63,95.53,28.4,Medido
MED-2399,ATV-007,2026-08-13T11:00:00,330.18,255.57,99.0,25.4,Medido
MED-2400,ATV-008,2026-08-13T11:00:00,95.56,164.84,86.51,25.8,Medido
MED-2401,ATV-001,2026-08-13T12:00:00,176.4,105.33,96.13,31.4,Medido
MED-2402,ATV-002,2026-08-13T12:00:00,213.47,143.44,84.73,29.3,Medido
MED-2403,ATV-003,2026-08-13T12:00:00,264.85,192.76,99.67,30.6,Medido
MED-2404,ATV-004,2026-08-13T12:00:00,132.14,135.64,83.33,32.7,Estimado
MED-2405,ATV-005,2026-08-13T12:00:00,289.68,218.56,96.66,31.7,Medido
MED-2406,ATV-006,2026-08-13T12:00:00,156.8,116.63,95.53,30.0,Medido
MED-2407,ATV-007,2026-08-13T12:00:00,331.06,255.57,99.0,27.0,Medido
MED-2408,ATV-008,2026-08-13T12:00:00,99.21,164.84,86.51,27.4,Medido
MED-2409,ATV-001,2026-08-13T13:00:00,176.4,105.33,96.13,32.4,Medido
MED-2410,ATV-002,2026-08-13T13:00:00,203.95,143.44,84.73,30.3,Medido
MED-2411,ATV-003,2026-08-13T13:00:00,265.47,192.76,99.67,31.6,Estimado
MED-2412,ATV-004,2026-08-13T13:00:00,123.26,135.64,83.33,33.7,Medido
MED-2413,ATV-005,2026-08-13T13:00:00,290.35,218.56,96.66,32.7,Medido
MED-2414,ATV-006,2026-08-13T13:00:00,156.8,116.63,95.53,31.0,Medido
MED-2415,ATV-007,2026-08-13T13:00:00,331.83,255.57,99.0,28.0,Medido
MED-2416,ATV-008,2026-08-13T13:00:00,104.21,164.84,86.51,28.4,Medido
MED-2417,ATV-001,2026-08-13T14:00:00,170.3,105.33,96.13,32.7,Medido
MED-2418,ATV-002,2026-08-13T14:00:00,193.8,143.44,84.73,30.6,Estimado
MED-2419,ATV-003,2026-08-13T14:00:00,265.99,192.76,99.67,32.0,Medido
MED-2420,ATV-004,2026-08-13T14:00:00,114.95,135.64,83.33,34.0,Medido
MED-2421,ATV-005,2026-08-13T14:00:00,290.93,218.56,96.66,33.1,Medido
MED-2422,ATV-006,2026-08-13T14:00:00,151.38,116.63,95.53,31.3,Medido
MED-2423,ATV-007,2026-08-13T14:00:00,332.49,255.57,99.0,28.3,Medido
MED-2424,ATV-008,2026-08-13T14:00:00,110.45,164.84,86.51,28.7,Medido
MED-2425,ATV-001,2026-08-13T15:00:00,139.05,105.33,96.13,32.4,Estimado
MED-2426,ATV-002,2026-08-13T15:00:00,183.21,143.44,84.73,30.3,Medido
MED-2427,ATV-003,2026-08-13T15:00:00,266.43,192.76,99.67,31.6,Medido
MED-2428,ATV-004,2026-08-13T15:00:00,107.37,135.64,83.33,33.7,Medido
MED-2429,ATV-005,2026-08-13T15:00:00,291.41,218.56,96.66,32.7,Medido
MED-2430,ATV-006,2026-08-13T15:00:00,123.6,116.63,95.53,31.0,Medido
MED-2431,ATV-007,2026-08-13T15:00:00,333.04,255.57,99.0,28.0,Medido
MED-2432,ATV-008,2026-08-13T15:00:00,117.8,164.84,86.51,28.4,Medido
MED-2433,ATV-001,2026-08-13T16:00:00,98.32,105.33,96.13,31.4,Medido
MED-2434,ATV-002,2026-08-13T16:00:00,172.4,143.44,84.73,29.3,Medido
MED-2435,ATV-003,2026-08-13T16:00:00,266.77,192.76,99.67,30.6,Medido
MED-2436,ATV-004,2026-08-13T16:00:00,100.68,135.64,83.33,32.7,Medido
MED-2437,ATV-005,2026-08-13T16:00:00,291.78,218.56,96.66,31.7,Medido
MED-2438,ATV-006,2026-08-13T16:00:00,87.4,116.63,95.53,30.0,Medido
MED-2439,ATV-007,2026-08-13T16:00:00,333.46,255.57,99.0,27.0,Medido
MED-2440,ATV-008,2026-08-13T16:00:00,126.13,164.84,86.51,27.4,Medido
MED-2441,ATV-001,2026-08-13T17:00:00,50.9,105.33,96.13,29.8,Medido
MED-2442,ATV-002,2026-08-13T17:00:00,161.6,143.44,84.73,27.7,Medido
MED-2443,ATV-003,2026-08-13T17:00:00,267.01,192.76,99.67,29.1,Medido
MED-2444,ATV-004,2026-08-13T17:00:00,95.01,135.64,83.33,31.1,Medido
MED-2445,ATV-005,2026-08-13T17:00:00,292.04,218.56,96.66,30.2,Medido
MED-2446,ATV-006,2026-08-13T17:00:00,45.24,116.63,95.53,28.4,Medido
MED-2447,ATV-007,2026-08-13T17:00:00,333.76,255.57,99.0,25.4,Medido
MED-2448,ATV-008,2026-08-13T17:00:00,135.25,164.84,86.51,25.8,Medido
MED-2449,ATV-001,2026-08-13T18:00:00,3.6,105.33,96.13,27.7,Medido
MED-2450,ATV-002,2026-08-13T18:00:00,151.02,143.44,84.73,25.6,Medido
MED-2451,ATV-003,2026-08-13T18:00:00,267.14,192.76,99.67,27.0,Medido
MED-2452,ATV-004,2026-08-13T18:00:00,90.48,135.64,83.33,29.0,Medido
MED-2453,ATV-005,2026-08-13T18:00:00,292.19,218.56,96.66,28.1,Medido
MED-2454,ATV-006,2026-08-13T18:00:00,3.2,116.63,95.53,26.3,Medido
MED-2455,ATV-007,2026-08-13T18:00:00,333.93,255.57,99.0,23.3,Medido
MED-2456,ATV-008,2026-08-13T18:00:00,144.99,164.84,86.51,23.7,Medido
MED-2457,ATV-001,2026-08-13T19:00:00,3.6,105.33,96.13,25.3,Medido
MED-2458,ATV-002,2026-08-13T19:00:00,140.87,143.44,84.73,23.2,Medido
MED-2459,ATV-003,2026-08-13T19:00:00,267.18,192.76,99.67,24.6,Medido
MED-2460,ATV-004,2026-08-13T19:00:00,87.18,135.64,83.33,26.6,Medido
MED-2461,ATV-005,2026-08-13T19:00:00,292.23,218.56,96.66,25.7,Medido
MED-2462,ATV-006,2026-08-13T19:00:00,3.2,116.63,95.53,23.9,Medido
MED-2463,ATV-007,2026-08-13T19:00:00,333.97,255.57,99.0,20.9,Medido
MED-2464,ATV-008,2026-08-13T19:00:00,155.14,164.84,86.51,21.3,Medido
MED-2465,ATV-001,2026-08-13T20:00:00,3.6,105.33,96.13,22.7,Medido
MED-2466,ATV-002,2026-08-13T20:00:00,131.37,143.44,84.73,20.6,Medido
MED-2467,ATV-003,2026-08-13T20:00:00,267.11,192.76,99.67,22.0,Medido
MED-2468,ATV-004,2026-08-13T20:00:00,85.18,135.64,83.33,24.0,Medido
MED-2469,ATV-005,2026-08-13T20:00:00,292.15,218.56,96.66,23.1,Medido
MED-2470,ATV-006,2026-08-13T20:00:00,3.2,116.63,95.53,21.3,Medido
MED-2471,ATV-007,2026-08-13T20:00:00,333.89,255.57,99.0,18.3,Medido
MED-2472,ATV-008,2026-08-13T20:00:00,165.5,164.84,86.51,18.7,Medido
MED-2473,ATV-001,2026-08-13T21:00:00,3.6,105.33,96.13,20.1,Medido
MED-2474,ATV-002,2026-08-13T21:00:00,122.71,143.44,84.73,18.0,Medido
MED-2475,ATV-003,2026-08-13T21:00:00,266.94,192.76,99.67,19.4,Medido
MED-2476,ATV-004,2026-08-13T21:00:00,84.53,135.64,83.33,21.4,Medido
MED-2477,ATV-005,2026-08-13T21:00:00,291.97,218.56,96.66,20.5,Medido
MED-2478,ATV-006,2026-08-13T21:00:00,3.2,116.63,95.53,18.7,Medido
MED-2479,ATV-007,2026-08-13T21:00:00,333.68,255.57,99.0,15.7,Medido
MED-2480,ATV-008,2026-08-13T21:00:00,175.85,164.84,86.51,16.2,Medido
MED-2481,ATV-001,2026-08-13T22:00:00,3.6,86.85,96.13,17.7,Medido
MED-2482,ATV-002,2026-08-13T22:00:00,115.06,118.79,84.73,15.6,Medido
MED-2483,ATV-003,2026-08-13T22:00:00,266.68,159.89,99.67,17.0,Medido
MED-2484,ATV-004,2026-08-13T22:00:00,85.22,114.07,83.33,19.0,Medido
MED-2485,ATV-005,2026-08-13T22:00:00,291.68,182.62,96.66,18.1,Medido
MED-2486,ATV-006,2026-08-13T22:00:00,3.2,100.2,95.53,16.3,Medido
MED-2487,ATV-007,2026-08-13T22:00:00,333.34,214.49,99.0,13.3,Medido
MED-2488,ATV-008,2026-08-13T22:00:00,185.99,141.22,86.51,13.7,Medido
MED-2489,ATV-001,2026-08-13T23:00:00,3.6,86.85,96.13,15.6,Medido
MED-2490,ATV-002,2026-08-13T23:00:00,108.58,118.79,84.73,13.5,Medido
MED-2491,ATV-003,2026-08-13T23:00:00,266.31,159.89,99.67,14.9,Medido
MED-2492,ATV-004,2026-08-13T23:00:00,87.25,114.07,83.33,16.9,Medido
MED-2493,ATV-005,2026-08-13T23:00:00,291.27,182.62,96.66,16.0,Medido
MED-2494,ATV-006,2026-08-13T23:00:00,3.2,100.2,95.53,14.3,Medido
MED-2495,ATV-007,2026-08-13T23:00:00,332.89,214.49,99.0,11.2,Medido
MED-2496,ATV-008,2026-08-13T23:00:00,195.71,141.22,86.51,11.7,Medido
MED-2497,ATV-001,2026-08-14T00:00:00,3.6,80.9,97.04,14.0,Medido
MED-2498,ATV-002,2026-08-14T00:00:00,235.2,110.87,84.9,11.9,Medido
MED-2499,ATV-003,2026-08-14T00:00:00,268.28,149.33,98.93,13.3,Medido
MED-2500,ATV-004,2026-08-14T00:00:00,205.8,107.14,82.38,15.3,Medido
MED-2501,ATV-005,2026-08-14T00:00:00,293.43,171.06,96.36,14.4,Medido
MED-2502,ATV-006,2026-08-14T00:00:00,3.2,94.91,96.16,12.7,Medido
MED-2503,ATV-007,2026-08-14T00:00:00,335.35,201.28,99.7,9.6,Medido
MED-2504,ATV-008,2026-08-14T00:00:00,217.46,133.63,86.94,10.1,Medido
MED-2505,ATV-001,2026-08-14T01:00:00,3.6,80.9,97.04,13.1,Medido
MED-2506,ATV-002,2026-08-14T01:00:00,235.2,110.87,84.9,10.9,Medido
MED-2507,ATV-003,2026-08-14T01:00:00,269.64,149.33,98.93,12.3,Medido
MED-2508,ATV-004,2026-08-14T01:00:00,205.8,107.14,82.38,14.3,Medido
MED-2509,ATV-005,2026-08-14T01:00:00,294.92,171.06,96.36,13.4,Medido
MED-2510,ATV-006,2026-08-14T01:00:00,3.2,94.91,96.16,11.7,Medido
MED-2511,ATV-007,2026-08-14T01:00:00,337.05,201.28,99.7,8.6,Medido
MED-2512,ATV-008,2026-08-14T01:00:00,202.85,133.63,86.94,9.1,Medido
MED-2513,ATV-001,2026-08-14T02:00:00,3.6,80.9,97.04,12.7,Medido
MED-2514,ATV-002,2026-08-14T02:00:00,235.2,110.87,84.9,10.6,Medido
MED-2515,ATV-003,2026-08-14T02:00:00,270.99,149.33,98.93,12.0,Medido
MED-2516,ATV-004,2026-08-14T02:00:00,205.8,107.14,82.38,14.0,Medido
MED-2517,ATV-005,2026-08-14T02:00:00,296.4,171.06,96.36,13.1,Medido
MED-2518,ATV-006,2026-08-14T02:00:00,3.2,94.91,96.16,11.3,Medido
MED-2519,ATV-007,2026-08-14T02:00:00,338.74,201.28,99.7,8.3,Medido
MED-2520,ATV-008,2026-08-14T02:00:00,189.17,133.63,86.94,8.7,Medido
MED-2521,ATV-001,2026-08-14T03:00:00,3.6,80.9,97.04,13.1,Medido
MED-2522,ATV-002,2026-08-14T03:00:00,235.2,110.87,84.9,10.9,Medido
MED-2523,ATV-003,2026-08-14T03:00:00,272.33,149.33,98.93,12.3,Medido
MED-2524,ATV-004,2026-08-14T03:00:00,205.8,107.14,82.38,14.3,Medido
MED-2525,ATV-005,2026-08-14T03:00:00,297.86,171.06,96.36,13.4,Medido
MED-2526,ATV-006,2026-08-14T03:00:00,3.2,94.91,96.16,11.7,Medido
MED-2527,ATV-007,2026-08-14T03:00:00,340.41,201.28,99.7,8.6,Medido
MED-2528,ATV-008,2026-08-14T03:00:00,176.7,133.63,86.94,9.1,Estimado
MED-2529,ATV-001,2026-08-14T04:00:00,3.6,80.9,97.04,14.0,Medido
MED-2530,ATV-002,2026-08-14T04:00:00,235.2,110.87,84.9,11.9,Medido
MED-2531,ATV-003,2026-08-14T04:00:00,273.64,149.33,98.93,13.3,Medido
MED-2532,ATV-004,2026-08-14T04:00:00,205.8,107.14,82.38,15.3,Medido
MED-2533,ATV-005,2026-08-14T04:00:00,299.29,171.06,96.36,14.4,Medido
MED-2534,ATV-006,2026-08-14T04:00:00,3.2,94.91,96.16,12.7,Medido
MED-2535,ATV-007,2026-08-14T04:00:00,342.05,201.28,99.7,9.6,Estimado
MED-2536,ATV-008,2026-08-14T04:00:00,165.68,133.63,86.94,10.1,Medido
MED-2537,ATV-001,2026-08-14T05:00:00,3.6,80.9,97.04,15.6,Medido
MED-2538,ATV-002,2026-08-14T05:00:00,235.2,110.87,84.9,13.5,Medido
MED-2539,ATV-003,2026-08-14T05:00:00,274.91,149.33,98.93,14.9,Medido
MED-2540,ATV-004,2026-08-14T05:00:00,205.8,107.14,82.38,16.9,Medido
MED-2541,ATV-005,2026-08-14T05:00:00,300.68,171.06,96.36,16.0,Medido
MED-2542,ATV-006,2026-08-14T05:00:00,3.2,94.91,96.16,14.3,Estimado
MED-2543,ATV-007,2026-08-14T05:00:00,343.63,201.28,99.7,11.2,Medido
MED-2544,ATV-008,2026-08-14T05:00:00,156.36,133.63,86.94,11.7,Medido
MED-2545,ATV-001,2026-08-14T06:00:00,3.6,80.9,97.04,17.7,Medido
MED-2546,ATV-002,2026-08-14T06:00:00,235.2,110.87,84.9,15.6,Medido
MED-2547,ATV-003,2026-08-14T06:00:00,276.13,149.33,98.93,17.0,Medido
MED-2548,ATV-004,2026-08-14T06:00:00,205.8,107.14,82.38,19.0,Medido
MED-2549,ATV-005,2026-08-14T06:00:00,302.02,171.06,96.36,18.1,Estimado
MED-2550,ATV-006,2026-08-14T06:00:00,3.2,94.91,96.16,16.3,Medido
MED-2551,ATV-007,2026-08-14T06:00:00,345.16,201.28,99.7,13.3,Medido
MED-2552,ATV-008,2026-08-14T06:00:00,148.9,133.63,86.94,13.7,Medido
MED-2553,ATV-001,2026-08-14T07:00:00,56.65,80.9,97.04,20.1,Medido
MED-2554,ATV-002,2026-08-14T07:00:00,235.2,110.87,84.9,18.0,Medido
MED-2555,ATV-003,2026-08-14T07:00:00,277.3,149.33,98.93,19.4,Medido
MED-2556,ATV-004,2026-08-14T07:00:00,205.8,107.14,82.38,21.4,Estimado
MED-2557,ATV-005,2026-08-14T07:00:00,303.3,171.06,96.36,20.5,Medido
MED-2558,ATV-006,2026-08-14T07:00:00,50.36,94.91,96.16,18.7,Medido
MED-2559,ATV-007,2026-08-14T07:00:00,346.63,201.28,99.7,15.7,Medido
MED-2560,ATV-008,2026-08-14T07:00:00,143.48,133.63,86.94,16.2,Medido
MED-2561,ATV-001,2026-08-14T08:00:00,109.44,98.05,97.04,22.7,Medido
MED-2562,ATV-002,2026-08-14T08:00:00,235.2,133.74,84.9,20.6,Medido
MED-2563,ATV-003,2026-08-14T08:00:00,278.41,179.82,98.93,22.0,Estimado
MED-2564,ATV-004,2026-08-14T08:00:00,205.8,127.15,82.38,24.0,Medido
MED-2565,ATV-005,2026-08-14T08:00:00,304.51,204.41,96.36,23.1,Medido
MED-2566,ATV-006,2026-08-14T08:00:00,97.28,110.16,96.16,21.3,Medido
MED-2567,ATV-007,2026-08-14T08:00:00,348.01,239.4,99.7,18.3,Medido
MED-2568,ATV-008,2026-08-14T08:00:00,140.19,155.54,86.94,18.7,Medido
MED-2569,ATV-001,2026-08-14T09:00:00,154.77,98.05,97.04,25.3,Medido
MED-2570,ATV-002,2026-08-14T09:00:00,235.2,133.74,84.9,23.2,Estimado
MED-2571,ATV-003,2026-08-14T09:00:00,279.44,179.82,98.93,24.6,Medido
MED-2572,ATV-004,2026-08-14T09:00:00,205.8,127.15,82.38,26.6,Medido
MED-2573,ATV-005,2026-08-14T09:00:00,305.64,204.41,96.36,25.7,Medido
MED-2574,ATV-006,2026-08-14T09:00:00,137.57,110.16,96.16,23.9,Medido
MED-2575,ATV-007,2026-08-14T09:00:00,349.31,239.4,99.7,20.9,Medido
MED-2576,ATV-008,2026-08-14T09:00:00,139.1,155.54,86.94,21.3,Medido
MED-2577,ATV-001,2026-08-14T10:00:00,176.4,98.05,97.04,27.7,Estimado
MED-2578,ATV-002,2026-08-14T10:00:00,235.2,133.74,84.9,25.6,Medido
MED-2579,ATV-003,2026-08-14T10:00:00,280.4,179.82,98.93,27.0,Medido
MED-2580,ATV-004,2026-08-14T10:00:00,205.8,127.15,82.38,29.0,Medido
MED-2581,ATV-005,2026-08-14T10:00:00,306.69,204.41,96.36,28.1,Medido
MED-2582,ATV-006,2026-08-14T10:00:00,156.8,110.16,96.16,26.3,Medido
MED-2583,ATV-007,2026-08-14T10:00:00,350.5,239.4,99.7,23.3,Medido
MED-2584,ATV-008,2026-08-14T10:00:00,140.25,155.54,86.94,23.7,Medido
MED-2585,ATV-001,2026-08-14T11:00:00,176.4,98.05,97.04,29.8,Medido
MED-2586,ATV-002,2026-08-14T11:00:00,235.2,133.74,84.9,27.7,Medido
MED-2587,ATV-003,2026-08-14T11:00:00,281.28,179.82,98.93,29.1,Medido
MED-2588,ATV-004,2026-08-14T11:00:00,205.8,127.15,82.38,31.1,Medido
MED-2589,ATV-005,2026-08-14T11:00:00,307.65,204.41,96.36,30.2,Medido
MED-2590,ATV-006,2026-08-14T11:00:00,156.8,110.16,96.16,28.4,Medido
MED-2591,ATV-007,2026-08-14T11:00:00,351.6,239.4,99.7,25.4,Medido
MED-2592,ATV-008,2026-08-14T11:00:00,143.59,155.54,86.94,25.8,Medido
MED-2593,ATV-001,2026-08-14T12:00:00,176.4,98.05,97.04,31.4,Medido
MED-2594,ATV-002,2026-08-14T12:00:00,235.2,133.74,84.9,29.3,Medido
MED-2595,ATV-003,2026-08-14T12:00:00,282.06,179.82,98.93,30.6,Medido
MED-2596,ATV-004,2026-08-14T12:00:00,198.55,127.15,82.38,32.7,Medido
MED-2597,ATV-005,2026-08-14T12:00:00,308.51,204.41,96.36,31.7,Medido
MED-2598,ATV-006,2026-08-14T12:00:00,156.8,110.16,96.16,30.0,Medido
MED-2599,ATV-007,2026-08-14T12:00:00,352.58,239.4,99.7,27.0,Medido
MED-2600,ATV-008,2026-08-14T12:00:00,149.08,155.54,86.94,27.4,Medido
MED-2601,ATV-001,2026-08-14T13:00:00,176.4,98.05,97.04,32.4,Medido
MED-2602,ATV-002,2026-08-14T13:00:00,235.2,133.74,84.9,30.3,Medido
MED-2603,ATV-003,2026-08-14T13:00:00,282.75,179.82,98.93,31.6,Medido
MED-2604,ATV-004,2026-08-14T13:00:00,185.21,127.15,82.38,33.7,Medido
MED-2605,ATV-005,2026-08-14T13:00:00,309.26,204.41,96.36,32.7,Medido
MED-2606,ATV-006,2026-08-14T13:00:00,156.8,110.16,96.16,31.0,Medido
MED-2607,ATV-007,2026-08-14T13:00:00,353.44,239.4,99.7,28.0,Medido
MED-2608,ATV-008,2026-08-14T13:00:00,156.58,155.54,86.94,28.4,Medido
MED-2609,ATV-001,2026-08-14T14:00:00,176.4,98.05,97.04,32.7,Medido
MED-2610,ATV-002,2026-08-14T14:00:00,235.2,133.74,84.9,30.6,Medido
MED-2611,ATV-003,2026-08-14T14:00:00,283.34,179.82,98.93,32.0,Medido
MED-2612,ATV-004,2026-08-14T14:00:00,172.72,127.15,82.38,34.0,Medido
MED-2613,ATV-005,2026-08-14T14:00:00,309.9,204.41,96.36,33.1,Medido
MED-2614,ATV-006,2026-08-14T14:00:00,156.8,110.16,96.16,31.3,Medido
MED-2615,ATV-007,2026-08-14T14:00:00,354.18,239.4,99.7,28.3,Medido
MED-2616,ATV-008,2026-08-14T14:00:00,165.96,155.54,86.94,28.7,Medido
MED-2617,ATV-001,2026-08-14T15:00:00,154.77,98.05,97.04,32.4,Medido
MED-2618,ATV-002,2026-08-14T15:00:00,235.2,133.74,84.9,30.3,Medido
MED-2619,ATV-003,2026-08-14T15:00:00,283.82,179.82,98.93,31.6,Medido
MED-2620,ATV-004,2026-08-14T15:00:00,161.33,127.15,82.38,33.7,Medido
MED-2621,ATV-005,2026-08-14T15:00:00,310.43,204.41,96.36,32.7,Medido
MED-2622,ATV-006,2026-08-14T15:00:00,137.57,110.16,96.16,31.0,Medido
MED-2623,ATV-007,2026-08-14T15:00:00,354.78,239.4,99.7,28.0,Medido
MED-2624,ATV-008,2026-08-14T15:00:00,177.01,155.54,86.94,28.4,Medido
MED-2625,ATV-001,2026-08-14T16:00:00,109.44,98.05,97.04,31.4,Medido
MED-2626,ATV-002,2026-08-14T16:00:00,235.2,133.74,84.9,29.3,Medido
MED-2627,ATV-003,2026-08-14T16:00:00,284.2,179.82,98.93,30.6,Medido
MED-2628,ATV-004,2026-08-14T16:00:00,151.28,127.15,82.38,32.7,Medido
MED-2629,ATV-005,2026-08-14T16:00:00,310.84,204.41,96.36,31.7,Medido
MED-2630,ATV-006,2026-08-14T16:00:00,97.28,110.16,96.16,30.0,Medido
MED-2631,ATV-007,2026-08-14T16:00:00,355.25,239.4,99.7,27.0,Medido
MED-2632,ATV-008,2026-08-14T16:00:00,189.52,155.54,86.94,27.4,Medido
MED-2633,ATV-001,2026-08-14T17:00:00,56.65,98.05,97.04,29.8,Medido
MED-2634,ATV-002,2026-08-14T17:00:00,235.2,133.74,84.9,27.7,Medido
MED-2635,ATV-003,2026-08-14T17:00:00,284.47,179.82,98.93,29.1,Medido
MED-2636,ATV-004,2026-08-14T17:00:00,142.76,127.15,82.38,31.1,Medido
MED-2637,ATV-005,2026-08-14T17:00:00,311.14,204.41,96.36,30.2,Medido
MED-2638,ATV-006,2026-08-14T17:00:00,50.36,110.16,96.16,28.4,Medido
MED-2639,ATV-007,2026-08-14T17:00:00,355.58,239.4,99.7,25.4,Medido
MED-2640,ATV-008,2026-08-14T17:00:00,203.23,155.54,86.94,25.8,Medido
MED-2641,ATV-001,2026-08-14T18:00:00,3.6,98.05,97.04,27.7,Medido
MED-2642,ATV-002,2026-08-14T18:00:00,226.92,133.74,84.9,25.6,Medido
MED-2643,ATV-003,2026-08-14T18:00:00,284.62,179.82,98.93,27.0,Medido
MED-2644,ATV-004,2026-08-14T18:00:00,135.95,127.15,82.38,29.0,Medido
MED-2645,ATV-005,2026-08-14T18:00:00,311.3,204.41,96.36,28.1,Medido
MED-2646,ATV-006,2026-08-14T18:00:00,3.2,110.16,96.16,26.3,Medido
MED-2647,ATV-007,2026-08-14T18:00:00,355.77,239.4,99.7,23.3,Medido
MED-2648,ATV-008,2026-08-14T18:00:00,217.86,155.54,86.94,23.7,Medido
MED-2649,ATV-001,2026-08-14T19:00:00,3.6,98.05,97.04,25.3,Medido
MED-2650,ATV-002,2026-08-14T19:00:00,211.67,133.74,84.9,23.2,Medido
MED-2651,ATV-003,2026-08-14T19:00:00,284.66,179.82,98.93,24.6,Medido
MED-2652,ATV-004,2026-08-14T19:00:00,131.0,127.15,82.38,26.6,Medido
MED-2653,ATV-005,2026-08-14T19:00:00,311.35,204.41,96.36,25.7,Medido
MED-2654,ATV-006,2026-08-14T19:00:00,3.2,110.16,96.16,23.9,Medido
MED-2655,ATV-007,2026-08-14T19:00:00,355.82,239.4,99.7,20.9,Medido
MED-2656,ATV-008,2026-08-14T19:00:00,225.4,155.54,86.94,21.3,Medido
MED-2657,ATV-001,2026-08-14T20:00:00,3.6,98.05,97.04,22.7,Medido
MED-2658,ATV-002,2026-08-14T20:00:00,197.4,133.74,84.9,20.6,Medido
MED-2659,ATV-003,2026-08-14T20:00:00,284.59,179.82,98.93,22.0,Medido
MED-2660,ATV-004,2026-08-14T20:00:00,128.0,127.15,82.38,24.0,Medido
MED-2661,ATV-005,2026-08-14T20:00:00,311.27,204.41,96.36,23.1,Medido
MED-2662,ATV-006,2026-08-14T20:00:00,3.2,110.16,96.16,21.3,Medido
MED-2663,ATV-007,2026-08-14T20:00:00,355.73,239.4,99.7,18.3,Medido
MED-2664,ATV-008,2026-08-14T20:00:00,225.4,155.54,86.94,18.7,Medido
MED-2665,ATV-001,2026-08-14T21:00:00,3.6,98.05,97.04,20.1,Medido
MED-2666,ATV-002,2026-08-14T21:00:00,184.38,133.74,84.9,18.0,Medido
MED-2667,ATV-003,2026-08-14T21:00:00,284.4,179.82,98.93,19.4,Medido
MED-2668,ATV-004,2026-08-14T21:00:00,127.01,127.15,82.38,21.4,Medido
MED-2669,ATV-005,2026-08-14T21:00:00,311.06,204.41,96.36,20.5,Medido
MED-2670,ATV-006,2026-08-14T21:00:00,3.2,110.16,96.16,18.7,Medido
MED-2671,ATV-007,2026-08-14T21:00:00,355.5,239.4,99.7,15.7,Medido
MED-2672,ATV-008,2026-08-14T21:00:00,225.4,155.54,86.94,16.2,Medido
MED-2673,ATV-001,2026-08-14T22:00:00,3.6,80.9,97.04,17.7,Medido
MED-2674,ATV-002,2026-08-14T22:00:00,172.89,110.87,84.9,15.6,Medido
MED-2675,ATV-003,2026-08-14T22:00:00,284.1,149.33,98.93,17.0,Medido
MED-2676,ATV-004,2026-08-14T22:00:00,128.05,107.14,82.38,19.0,Medido
MED-2677,ATV-005,2026-08-14T22:00:00,310.73,171.06,96.36,18.1,Medido
MED-2678,ATV-006,2026-08-14T22:00:00,3.2,94.91,96.16,16.3,Medido
MED-2679,ATV-007,2026-08-14T22:00:00,355.12,201.28,99.7,13.3,Medido
MED-2680,ATV-008,2026-08-14T22:00:00,225.4,133.63,86.94,13.7,Estimado
MED-2681,ATV-001,2026-08-14T23:00:00,3.6,80.9,97.04,15.6,Medido
MED-2682,ATV-002,2026-08-14T23:00:00,163.15,110.87,84.9,13.5,Medido
MED-2683,ATV-003,2026-08-14T23:00:00,283.69,149.33,98.93,14.9,Medido
MED-2684,ATV-004,2026-08-14T23:00:00,131.11,107.14,82.38,16.9,Medido
MED-2685,ATV-005,2026-08-14T23:00:00,310.29,171.06,96.36,16.0,Medido
MED-2686,ATV-006,2026-08-14T23:00:00,3.2,94.91,96.16,14.3,Medido
MED-2687,ATV-007,2026-08-14T23:00:00,354.61,201.28,99.7,11.2,Estimado
MED-2688,ATV-008,2026-08-14T23:00:00,225.4,133.63,86.94,11.7,Medido
